testId;algo;nodeId;runtimeMillis
59817_KtcMan;aktc;1;21
59817_KtcMan;aktc;2;39
59817_KtcMan;aktc;3;1324
59817_KtcMan;aktc;4;49
59817_KtcMan;aktc;6;240
59817_KtcMan;aktc;7;29
59817_KtcMan;aktc;8;111
59817_KtcMan;aktc;10;59
59817_KtcMan;aktc;11;56
59817_KtcMan;aktc;13;239
59817_KtcMan;aktc;14;44
59817_KtcMan;aktc;15;200
59817_KtcMan;aktc;16;154
59817_KtcMan;aktc;17;63
59817_KtcMan;aktc;18;136
59817_KtcMan;aktc;19;128
59817_KtcMan;aktc;20;301
59817_KtcMan;aktc;22;139
59817_KtcMan;aktc;23;340
59817_KtcMan;aktc;24;120
59817_KtcMan;aktc;25;149
59817_KtcMan;aktc;26;124
59817_KtcMan;aktc;27;100
59817_KtcMan;aktc;28;142
59817_KtcMan;aktc;31;131
59817_KtcMan;aktc;32;43
59817_KtcMan;aktc;33;110
59818_LStarKtcMan;lktc;1;33
59818_LStarKtcMan;lktc;2;61
59818_LStarKtcMan;lktc;3;1307
59818_LStarKtcMan;lktc;4;74
59818_LStarKtcMan;lktc;6;260
59818_LStarKtcMan;lktc;7;41
59818_LStarKtcMan;lktc;8;108
59818_LStarKtcMan;lktc;10;159
59818_LStarKtcMan;lktc;11;104
59818_LStarKtcMan;lktc;13;307
59818_LStarKtcMan;lktc;14;95
59818_LStarKtcMan;lktc;15;207
59818_LStarKtcMan;lktc;16;545
59818_LStarKtcMan;lktc;17;128
59818_LStarKtcMan;lktc;18;230
59818_LStarKtcMan;lktc;19;307
59818_LStarKtcMan;lktc;20;506
59818_LStarKtcMan;lktc;22;250
59818_LStarKtcMan;lktc;23;668
59818_LStarKtcMan;lktc;24;186
59818_LStarKtcMan;lktc;25;222
59818_LStarKtcMan;lktc;26;255
59818_LStarKtcMan;lktc;27;173
59818_LStarKtcMan;lktc;28;243
59818_LStarKtcMan;lktc;31;161
59818_LStarKtcMan;lktc;32;109
59818_LStarKtcMan;lktc;33;126
59819_LmstMan;lmst;1;145
59819_LmstMan;lmst;2;489
59819_LmstMan;lmst;3;702
59819_LmstMan;lmst;4;504
59819_LmstMan;lmst;6;376
59819_LmstMan;lmst;7;376
59819_LmstMan;lmst;8;586
59819_LmstMan;lmst;10;10
59819_LmstMan;lmst;11;443
59819_LmstMan;lmst;13;634
59819_LmstMan;lmst;14;438
59819_LmstMan;lmst;15;816
59819_LmstMan;lmst;16;422
59819_LmstMan;lmst;17;1078
59819_LmstMan;lmst;18;571
59819_LmstMan;lmst;19;943
59819_LmstMan;lmst;20;363
59819_LmstMan;lmst;22;202
59819_LmstMan;lmst;23;726
59819_LmstMan;lmst;24;858
59819_LmstMan;lmst;25;828
59819_LmstMan;lmst;26;267
59819_LmstMan;lmst;27;890
59819_LmstMan;lmst;28;611
59819_LmstMan;lmst;31;1171
59819_LmstMan;lmst;32;687
59819_LmstMan;lmst;33;815
59820_KtcGen;KtcAlgorithm;1;71
59820_KtcGen;KtcAlgorithm;2;180
59820_KtcGen;KtcAlgorithm;3;38
59820_KtcGen;KtcAlgorithm;4;255
59820_KtcGen;KtcAlgorithm;6;606
59820_KtcGen;KtcAlgorithm;7;131
59820_KtcGen;KtcAlgorithm;8;509
59820_KtcGen;KtcAlgorithm;10;561
59820_KtcGen;KtcAlgorithm;11;198
59820_KtcGen;KtcAlgorithm;13;805
59820_KtcGen;KtcAlgorithm;14;315
59820_KtcGen;KtcAlgorithm;15;577
59820_KtcGen;KtcAlgorithm;16;489
59820_KtcGen;KtcAlgorithm;17;305
59820_KtcGen;KtcAlgorithm;18;339
59820_KtcGen;KtcAlgorithm;19;518
59820_KtcGen;KtcAlgorithm;20;5
59820_KtcGen;KtcAlgorithm;22;1181
59820_KtcGen;KtcAlgorithm;23;571
59820_KtcGen;KtcAlgorithm;24;815
59820_KtcGen;KtcAlgorithm;25;864
59820_KtcGen;KtcAlgorithm;26;497
59820_KtcGen;KtcAlgorithm;27;437
59820_KtcGen;KtcAlgorithm;28;530
59820_KtcGen;KtcAlgorithm;31;1025
59820_KtcGen;KtcAlgorithm;32;245
59820_KtcGen;KtcAlgorithm;33;1220
59821_LStarKtcGen;LStarKtcAlgorithm;1;51971
59821_LStarKtcGen;LStarKtcAlgorithm;2;35431
59821_LStarKtcGen;LStarKtcAlgorithm;3;25245
59821_LStarKtcGen;LStarKtcAlgorithm;4;75867
59821_LStarKtcGen;LStarKtcAlgorithm;6;20051
59821_LStarKtcGen;LStarKtcAlgorithm;7;12330
59821_LStarKtcGen;LStarKtcAlgorithm;8;73579
59821_LStarKtcGen;LStarKtcAlgorithm;10;64274
59821_LStarKtcGen;LStarKtcAlgorithm;11;978
59821_LStarKtcGen;LStarKtcAlgorithm;13;96992
59821_LStarKtcGen;LStarKtcAlgorithm;14;89754
59821_LStarKtcGen;LStarKtcAlgorithm;15;128451
59821_LStarKtcGen;LStarKtcAlgorithm;16;59968
59821_LStarKtcGen;LStarKtcAlgorithm;17;25636
59821_LStarKtcGen;LStarKtcAlgorithm;18;129548
59821_LStarKtcGen;LStarKtcAlgorithm;19;127471
59821_LStarKtcGen;LStarKtcAlgorithm;20;46359
59821_LStarKtcGen;LStarKtcAlgorithm;22;40589
59821_LStarKtcGen;LStarKtcAlgorithm;23;101324
59821_LStarKtcGen;LStarKtcAlgorithm;24;9186
59821_LStarKtcGen;LStarKtcAlgorithm;25;64030
59821_LStarKtcGen;LStarKtcAlgorithm;26;71629
59821_LStarKtcGen;LStarKtcAlgorithm;27;61280
59821_LStarKtcGen;LStarKtcAlgorithm;28;96528
59821_LStarKtcGen;LStarKtcAlgorithm;31;36441
59821_LStarKtcGen;LStarKtcAlgorithm;32;30365
59821_LStarKtcGen;LStarKtcAlgorithm;33;10834
59822_LmstGen;LmstAlgorithm;1;624
59822_LmstGen;LmstAlgorithm;2;159
59822_LmstGen;LmstAlgorithm;3;437
59822_LmstGen;LmstAlgorithm;4;842
59822_LmstGen;LmstAlgorithm;6;795
59822_LmstGen;LmstAlgorithm;7;238
59822_LmstGen;LmstAlgorithm;8;911
59822_LmstGen;LmstAlgorithm;10;1116
59822_LmstGen;LmstAlgorithm;11;58
59822_LmstGen;LmstAlgorithm;13;190
59822_LmstGen;LmstAlgorithm;14;647
59822_LmstGen;LmstAlgorithm;15;754
59822_LmstGen;LmstAlgorithm;16;216
59822_LmstGen;LmstAlgorithm;17;743
59822_LmstGen;LmstAlgorithm;18;1137
59822_LmstGen;LmstAlgorithm;19;410
59822_LmstGen;LmstAlgorithm;20;386
59822_LmstGen;LmstAlgorithm;22;655
59822_LmstGen;LmstAlgorithm;23;1051
59822_LmstGen;LmstAlgorithm;24;359
59822_LmstGen;LmstAlgorithm;25;337
59822_LmstGen;LmstAlgorithm;26;56
59822_LmstGen;LmstAlgorithm;27;217
59822_LmstGen;LmstAlgorithm;28;212
59822_LmstGen;LmstAlgorithm;31;910
59822_LmstGen;LmstAlgorithm;32;210
59822_LmstGen;LmstAlgorithm;33;86
59823_ThresholdInactivation;ThresholdInactivationAlgorithm;1;4
59823_ThresholdInactivation;ThresholdInactivationAlgorithm;2;5
59823_ThresholdInactivation;ThresholdInactivationAlgorithm;3;11
59823_ThresholdInactivation;ThresholdInactivationAlgorithm;4;5
59823_ThresholdInactivation;ThresholdInactivationAlgorithm;6;6
59823_ThresholdInactivation;ThresholdInactivationAlgorithm;7;5
59823_ThresholdInactivation;ThresholdInactivationAlgorithm;8;6
59823_ThresholdInactivation;ThresholdInactivationAlgorithm;10;6
59823_ThresholdInactivation;ThresholdInactivationAlgorithm;11;7
59823_ThresholdInactivation;ThresholdInactivationAlgorithm;13;7
59823_ThresholdInactivation;ThresholdInactivationAlgorithm;14;5
59823_ThresholdInactivation;ThresholdInactivationAlgorithm;15;8
59823_ThresholdInactivation;ThresholdInactivationAlgorithm;16;6
59823_ThresholdInactivation;ThresholdInactivationAlgorithm;17;5
59823_ThresholdInactivation;ThresholdInactivationAlgorithm;18;8
59823_ThresholdInactivation;ThresholdInactivationAlgorithm;19;9
59823_ThresholdInactivation;ThresholdInactivationAlgorithm;20;9
59823_ThresholdInactivation;ThresholdInactivationAlgorithm;22;7
59823_ThresholdInactivation;ThresholdInactivationAlgorithm;23;8
59823_ThresholdInactivation;ThresholdInactivationAlgorithm;24;8
59823_ThresholdInactivation;ThresholdInactivationAlgorithm;25;7
59823_ThresholdInactivation;ThresholdInactivationAlgorithm;26;7
59823_ThresholdInactivation;ThresholdInactivationAlgorithm;27;7
59823_ThresholdInactivation;ThresholdInactivationAlgorithm;28;8
59823_ThresholdInactivation;ThresholdInactivationAlgorithm;31;9
59823_ThresholdInactivation;ThresholdInactivationAlgorithm;32;7
59823_ThresholdInactivation;ThresholdInactivationAlgorithm;33;6
59824_KtcMan;aktc;1;21
59824_KtcMan;aktc;2;48
59824_KtcMan;aktc;3;424
59824_KtcMan;aktc;4;53
59824_KtcMan;aktc;6;113
59824_KtcMan;aktc;7;23
59824_KtcMan;aktc;8;60
59824_KtcMan;aktc;10;97
59824_KtcMan;aktc;11;64
59824_KtcMan;aktc;13;186
59824_KtcMan;aktc;14;58
59824_KtcMan;aktc;15;245
59824_KtcMan;aktc;16;90
59824_KtcMan;aktc;17;68
59824_KtcMan;aktc;18;140
59824_KtcMan;aktc;19;177
59824_KtcMan;aktc;20;406
59824_KtcMan;aktc;22;130
59824_KtcMan;aktc;23;444
59824_KtcMan;aktc;24;180
59824_KtcMan;aktc;25;170
59824_KtcMan;aktc;26;237
59824_KtcMan;aktc;27;55
59824_KtcMan;aktc;28;201
59824_KtcMan;aktc;31;111
59824_KtcMan;aktc;32;101
59824_KtcMan;aktc;33;108
59825_LStarKtcMan;lktc;1;49
59825_LStarKtcMan;lktc;2;54
59825_LStarKtcMan;lktc;3;1194
59825_LStarKtcMan;lktc;4;57
59825_LStarKtcMan;lktc;6;162
59825_LStarKtcMan;lktc;7;33
59825_LStarKtcMan;lktc;8;70
59825_LStarKtcMan;lktc;10;148
59825_LStarKtcMan;lktc;11;64
59825_LStarKtcMan;lktc;13;201
59825_LStarKtcMan;lktc;14;88
59825_LStarKtcMan;lktc;15;258
59825_LStarKtcMan;lktc;16;214
59825_LStarKtcMan;lktc;17;153
59825_LStarKtcMan;lktc;18;246
59825_LStarKtcMan;lktc;19;136
59825_LStarKtcMan;lktc;20;534
59825_LStarKtcMan;lktc;22;190
59825_LStarKtcMan;lktc;23;454
59825_LStarKtcMan;lktc;24;220
59825_LStarKtcMan;lktc;25;196
59825_LStarKtcMan;lktc;26;297
59825_LStarKtcMan;lktc;27;92
59825_LStarKtcMan;lktc;28;735
59825_LStarKtcMan;lktc;31;210
59825_LStarKtcMan;lktc;32;117
59825_LStarKtcMan;lktc;33;122
59826_LmstMan;lmst;1;261
59826_LmstMan;lmst;2;568
59826_LmstMan;lmst;3;775
59826_LmstMan;lmst;4;555
59826_LmstMan;lmst;6;451
59826_LmstMan;lmst;7;367
59826_LmstMan;lmst;8;572
59826_LmstMan;lmst;10;377
59826_LmstMan;lmst;11;694
59826_LmstMan;lmst;13;567
59826_LmstMan;lmst;14;571
59826_LmstMan;lmst;15;242
59826_LmstMan;lmst;16;543
59826_LmstMan;lmst;17;767
59826_LmstMan;lmst;18;1143
59826_LmstMan;lmst;19;739
59826_LmstMan;lmst;20;480
59826_LmstMan;lmst;22;325
59826_LmstMan;lmst;23;708
59826_LmstMan;lmst;24;709
59826_LmstMan;lmst;25;607
59826_LmstMan;lmst;26;160
59826_LmstMan;lmst;27;634
59826_LmstMan;lmst;28;357
59826_LmstMan;lmst;31;482
59826_LmstMan;lmst;32;391
59826_LmstMan;lmst;33;1069
59827_KtcGen;KtcAlgorithm;1;97
59827_KtcGen;KtcAlgorithm;2;233
59827_KtcGen;KtcAlgorithm;3;372
59827_KtcGen;KtcAlgorithm;4;230
59827_KtcGen;KtcAlgorithm;6;803
59827_KtcGen;KtcAlgorithm;7;112
59827_KtcGen;KtcAlgorithm;8;357
59827_KtcGen;KtcAlgorithm;10;601
59827_KtcGen;KtcAlgorithm;11;255
59827_KtcGen;KtcAlgorithm;13;643
59827_KtcGen;KtcAlgorithm;14;301
59827_KtcGen;KtcAlgorithm;15;519
59827_KtcGen;KtcAlgorithm;16;648
59827_KtcGen;KtcAlgorithm;17;463
59827_KtcGen;KtcAlgorithm;18;1006
59827_KtcGen;KtcAlgorithm;19;554
59827_KtcGen;KtcAlgorithm;20;675
59827_KtcGen;KtcAlgorithm;22;956
59827_KtcGen;KtcAlgorithm;23;816
59827_KtcGen;KtcAlgorithm;24;818
59827_KtcGen;KtcAlgorithm;25;904
59827_KtcGen;KtcAlgorithm;26;921
59827_KtcGen;KtcAlgorithm;27;535
59827_KtcGen;KtcAlgorithm;28;193
59827_KtcGen;KtcAlgorithm;31;970
59827_KtcGen;KtcAlgorithm;32;227
59827_KtcGen;KtcAlgorithm;33;467
59828_LStarKtcGen;LStarKtcAlgorithm;1;76019
59828_LStarKtcGen;LStarKtcAlgorithm;2;99976
59828_LStarKtcGen;LStarKtcAlgorithm;3;91706
59828_LStarKtcGen;LStarKtcAlgorithm;4;100403
59828_LStarKtcGen;LStarKtcAlgorithm;6;5066
59828_LStarKtcGen;LStarKtcAlgorithm;7;10438
59828_LStarKtcGen;LStarKtcAlgorithm;8;61861
59828_LStarKtcGen;LStarKtcAlgorithm;10;119511
59828_LStarKtcGen;LStarKtcAlgorithm;11;20692
59828_LStarKtcGen;LStarKtcAlgorithm;13;130192
59828_LStarKtcGen;LStarKtcAlgorithm;14;20357
59828_LStarKtcGen;LStarKtcAlgorithm;15;35226
59828_LStarKtcGen;LStarKtcAlgorithm;16;20479
59828_LStarKtcGen;LStarKtcAlgorithm;17;3909
59828_LStarKtcGen;LStarKtcAlgorithm;18;49592
59828_LStarKtcGen;LStarKtcAlgorithm;19;100039
59828_LStarKtcGen;LStarKtcAlgorithm;20;101992
59828_LStarKtcGen;LStarKtcAlgorithm;22;47059
59828_LStarKtcGen;LStarKtcAlgorithm;23;13765
59828_LStarKtcGen;LStarKtcAlgorithm;24;56977
59828_LStarKtcGen;LStarKtcAlgorithm;25;123877
59828_LStarKtcGen;LStarKtcAlgorithm;26;76177
59828_LStarKtcGen;LStarKtcAlgorithm;27;97656
59828_LStarKtcGen;LStarKtcAlgorithm;28;14650
59828_LStarKtcGen;LStarKtcAlgorithm;31;53934
59828_LStarKtcGen;LStarKtcAlgorithm;32;95612
59828_LStarKtcGen;LStarKtcAlgorithm;33;11692
59829_LmstGen;LmstAlgorithm;1;156
59829_LmstGen;LmstAlgorithm;2;397
59829_LmstGen;LmstAlgorithm;3;397
59829_LmstGen;LmstAlgorithm;4;1140
59829_LmstGen;LmstAlgorithm;6;195
59829_LmstGen;LmstAlgorithm;7;138
59829_LmstGen;LmstAlgorithm;8;89
59829_LmstGen;LmstAlgorithm;10;911
59829_LmstGen;LmstAlgorithm;11;571
59829_LmstGen;LmstAlgorithm;13;362
59829_LmstGen;LmstAlgorithm;14;646
59829_LmstGen;LmstAlgorithm;15;838
59829_LmstGen;LmstAlgorithm;16;58
59829_LmstGen;LmstAlgorithm;17;320
59829_LmstGen;LmstAlgorithm;18;694
59829_LmstGen;LmstAlgorithm;19;126
59829_LmstGen;LmstAlgorithm;20;833
59829_LmstGen;LmstAlgorithm;22;921
59829_LmstGen;LmstAlgorithm;23;245
59829_LmstGen;LmstAlgorithm;24;349
59829_LmstGen;LmstAlgorithm;25;255
59829_LmstGen;LmstAlgorithm;26;445
59829_LmstGen;LmstAlgorithm;27;388
59829_LmstGen;LmstAlgorithm;28;1146
59829_LmstGen;LmstAlgorithm;31;687
59829_LmstGen;LmstAlgorithm;32;543
59829_LmstGen;LmstAlgorithm;33;169
59830_KtcMan;aktc;1;32
59830_KtcMan;aktc;2;31
59830_KtcMan;aktc;3;425
59830_KtcMan;aktc;4;57
59830_KtcMan;aktc;6;111
59830_KtcMan;aktc;7;26
59830_KtcMan;aktc;8;32
59830_KtcMan;aktc;10;75
59830_KtcMan;aktc;11;51
59830_KtcMan;aktc;13;106
59830_KtcMan;aktc;14;115
59830_KtcMan;aktc;15;137
59830_KtcMan;aktc;16;67
59830_KtcMan;aktc;17;58
59830_KtcMan;aktc;18;208
59830_KtcMan;aktc;19;102
59830_KtcMan;aktc;20;266
59830_KtcMan;aktc;22;113
59830_KtcMan;aktc;23;331
59830_KtcMan;aktc;24;199
59830_KtcMan;aktc;25;172
59830_KtcMan;aktc;26;183
59830_KtcMan;aktc;27;76
59830_KtcMan;aktc;28;145
59830_KtcMan;aktc;31;106
59830_KtcMan;aktc;32;24
59830_KtcMan;aktc;33;98
59831_LStarKtcMan;lktc;1;82
59831_LStarKtcMan;lktc;2;47
59831_LStarKtcMan;lktc;3;747
59831_LStarKtcMan;lktc;4;115
59831_LStarKtcMan;lktc;6;187
59831_LStarKtcMan;lktc;7;52
59831_LStarKtcMan;lktc;8;74
59831_LStarKtcMan;lktc;10;284
59831_LStarKtcMan;lktc;11;112
59831_LStarKtcMan;lktc;13;316
59831_LStarKtcMan;lktc;14;73
59831_LStarKtcMan;lktc;15;289
59831_LStarKtcMan;lktc;16;203
59831_LStarKtcMan;lktc;17;181
59831_LStarKtcMan;lktc;18;330
59831_LStarKtcMan;lktc;19;193
59831_LStarKtcMan;lktc;20;563
59831_LStarKtcMan;lktc;22;265
59831_LStarKtcMan;lktc;23;708
59831_LStarKtcMan;lktc;24;321
59831_LStarKtcMan;lktc;25;293
59831_LStarKtcMan;lktc;26;517
59831_LStarKtcMan;lktc;27;182
59831_LStarKtcMan;lktc;28;353
59831_LStarKtcMan;lktc;31;269
59831_LStarKtcMan;lktc;32;95
59831_LStarKtcMan;lktc;33;161
59832_LmstMan;lmst;1;570
59832_LmstMan;lmst;2;413
59832_LmstMan;lmst;3;827
59832_LmstMan;lmst;4;1295
59832_LmstMan;lmst;6;257
59832_LmstMan;lmst;7;359
59832_LmstMan;lmst;8;563
59832_LmstMan;lmst;10;745
59832_LmstMan;lmst;11;631
59832_LmstMan;lmst;13;329
59832_LmstMan;lmst;14;1266
59832_LmstMan;lmst;15;596
59832_LmstMan;lmst;16;484
59832_LmstMan;lmst;17;759
59832_LmstMan;lmst;18;16
59832_LmstMan;lmst;19;418
59832_LmstMan;lmst;20;127
59832_LmstMan;lmst;22;229
59832_LmstMan;lmst;23;1075
59832_LmstMan;lmst;24;615
59832_LmstMan;lmst;25;528
59832_LmstMan;lmst;26;631
59832_LmstMan;lmst;27;1076
59832_LmstMan;lmst;28;15
59832_LmstMan;lmst;31;456
59832_LmstMan;lmst;32;686
59832_LmstMan;lmst;33;1031
59841_KtcGen;KtcAlgorithm;1;141
59841_KtcGen;KtcAlgorithm;2;163
59841_KtcGen;KtcAlgorithm;3;845
59841_KtcGen;KtcAlgorithm;4;316
59841_KtcGen;KtcAlgorithm;6;762
59841_KtcGen;KtcAlgorithm;7;102
59841_KtcGen;KtcAlgorithm;8;326
59841_KtcGen;KtcAlgorithm;10;197
59841_KtcGen;KtcAlgorithm;11;274
59841_KtcGen;KtcAlgorithm;13;694
59841_KtcGen;KtcAlgorithm;14;288
59841_KtcGen;KtcAlgorithm;15;260
59841_KtcGen;KtcAlgorithm;16;612
59841_KtcGen;KtcAlgorithm;17;324
59841_KtcGen;KtcAlgorithm;18;1122
59841_KtcGen;KtcAlgorithm;19;545
59841_KtcGen;KtcAlgorithm;20;140
59841_KtcGen;KtcAlgorithm;22;818
59841_KtcGen;KtcAlgorithm;23;195
59841_KtcGen;KtcAlgorithm;24;748
59841_KtcGen;KtcAlgorithm;25;926
59841_KtcGen;KtcAlgorithm;26;761
59841_KtcGen;KtcAlgorithm;27;620
59841_KtcGen;KtcAlgorithm;28;443
59841_KtcGen;KtcAlgorithm;31;1166
59841_KtcGen;KtcAlgorithm;32;286
59841_KtcGen;KtcAlgorithm;33;577
59842_LStarKtcGen;LStarKtcAlgorithm;1;118011
59842_LStarKtcGen;LStarKtcAlgorithm;2;128936
59842_LStarKtcGen;LStarKtcAlgorithm;3;110170
59842_LStarKtcGen;LStarKtcAlgorithm;4;119935
59842_LStarKtcGen;LStarKtcAlgorithm;6;56186
59842_LStarKtcGen;LStarKtcAlgorithm;7;12635
59842_LStarKtcGen;LStarKtcAlgorithm;8;93384
59842_LStarKtcGen;LStarKtcAlgorithm;10;115176
59842_LStarKtcGen;LStarKtcAlgorithm;11;130738
59842_LStarKtcGen;LStarKtcAlgorithm;13;126773
59842_LStarKtcGen;LStarKtcAlgorithm;14;7723
59842_LStarKtcGen;LStarKtcAlgorithm;15;91159
59842_LStarKtcGen;LStarKtcAlgorithm;16;7785
59842_LStarKtcGen;LStarKtcAlgorithm;17;64087
59842_LStarKtcGen;LStarKtcAlgorithm;18;7755
59842_LStarKtcGen;LStarKtcAlgorithm;19;92712
59842_LStarKtcGen;LStarKtcAlgorithm;20;61555
59842_LStarKtcGen;LStarKtcAlgorithm;22;64335
59842_LStarKtcGen;LStarKtcAlgorithm;23;120308
59842_LStarKtcGen;LStarKtcAlgorithm;24;109375
59842_LStarKtcGen;LStarKtcAlgorithm;25;22134
59842_LStarKtcGen;LStarKtcAlgorithm;26;75139
59842_LStarKtcGen;LStarKtcAlgorithm;27;49928
59842_LStarKtcGen;LStarKtcAlgorithm;28;85358
59842_LStarKtcGen;LStarKtcAlgorithm;31;2115
59842_LStarKtcGen;LStarKtcAlgorithm;32;49836
59842_LStarKtcGen;LStarKtcAlgorithm;33;2994
59843_LmstGen;LmstAlgorithm;1;310
59843_LmstGen;LmstAlgorithm;2;556
59843_LmstGen;LmstAlgorithm;3;1133
59843_LmstGen;LmstAlgorithm;4;34
59843_LmstGen;LmstAlgorithm;6;670
59843_LmstGen;LmstAlgorithm;7;1058
59843_LmstGen;LmstAlgorithm;8;681
59843_LmstGen;LmstAlgorithm;10;49
59843_LmstGen;LmstAlgorithm;11;690
59843_LmstGen;LmstAlgorithm;13;274
59843_LmstGen;LmstAlgorithm;14;464
59843_LmstGen;LmstAlgorithm;15;21
59843_LmstGen;LmstAlgorithm;16;391
59843_LmstGen;LmstAlgorithm;17;798
59843_LmstGen;LmstAlgorithm;18;1079
59843_LmstGen;LmstAlgorithm;19;67
59843_LmstGen;LmstAlgorithm;20;565
59843_LmstGen;LmstAlgorithm;22;447
59843_LmstGen;LmstAlgorithm;23;340
59843_LmstGen;LmstAlgorithm;24;953
59843_LmstGen;LmstAlgorithm;25;835
59843_LmstGen;LmstAlgorithm;26;297
59843_LmstGen;LmstAlgorithm;27;422
59843_LmstGen;LmstAlgorithm;28;135
59843_LmstGen;LmstAlgorithm;31;321
59843_LmstGen;LmstAlgorithm;32;612
59843_LmstGen;LmstAlgorithm;33;8
59844_KtcMan;aktc;1;28
59844_KtcMan;aktc;2;27
59844_KtcMan;aktc;3;328
59844_KtcMan;aktc;4;66
59844_KtcMan;aktc;6;123
59844_KtcMan;aktc;7;26
59844_KtcMan;aktc;8;50
59844_KtcMan;aktc;10;116
59844_KtcMan;aktc;11;41
59844_KtcMan;aktc;13;112
59844_KtcMan;aktc;14;68
59844_KtcMan;aktc;15;66
59844_KtcMan;aktc;16;72
59844_KtcMan;aktc;17;112
59844_KtcMan;aktc;18;197
59844_KtcMan;aktc;19;177
59844_KtcMan;aktc;20;353
59844_KtcMan;aktc;22;139
59844_KtcMan;aktc;23;314
59844_KtcMan;aktc;24;151
59844_KtcMan;aktc;25;143
59844_KtcMan;aktc;26;124
59844_KtcMan;aktc;27;89
59844_KtcMan;aktc;28;228
59844_KtcMan;aktc;31;163
59844_KtcMan;aktc;32;72
59844_KtcMan;aktc;33;86
59845_LStarKtcMan;lktc;1;88
59845_LStarKtcMan;lktc;2;38
59845_LStarKtcMan;lktc;3;514
59845_LStarKtcMan;lktc;4;81
59845_LStarKtcMan;lktc;6;127
59845_LStarKtcMan;lktc;7;32
59845_LStarKtcMan;lktc;8;64
59845_LStarKtcMan;lktc;10;121
59845_LStarKtcMan;lktc;11;78
59845_LStarKtcMan;lktc;13;225
59845_LStarKtcMan;lktc;14;98
59845_LStarKtcMan;lktc;15;121
59845_LStarKtcMan;lktc;16;120
59845_LStarKtcMan;lktc;17;133
59845_LStarKtcMan;lktc;18;211
59845_LStarKtcMan;lktc;19;149
59845_LStarKtcMan;lktc;20;556
59845_LStarKtcMan;lktc;22;151
59845_LStarKtcMan;lktc;23;354
59845_LStarKtcMan;lktc;24;321
59845_LStarKtcMan;lktc;25;234
59845_LStarKtcMan;lktc;26;396
59845_LStarKtcMan;lktc;27;116
59845_LStarKtcMan;lktc;28;366
59845_LStarKtcMan;lktc;31;280
59845_LStarKtcMan;lktc;32;67
59845_LStarKtcMan;lktc;33;137
59846_LmstMan;lmst;1;627
59846_LmstMan;lmst;2;508
59846_LmstMan;lmst;3;779
59846_LmstMan;lmst;4;1305
59846_LmstMan;lmst;6;182
59846_LmstMan;lmst;7;418
59846_LmstMan;lmst;8;605
59846_LmstMan;lmst;10;137
59846_LmstMan;lmst;11;659
59846_LmstMan;lmst;13;698
59846_LmstMan;lmst;14;1190
59846_LmstMan;lmst;15;573
59846_LmstMan;lmst;16;329
59846_LmstMan;lmst;17;864
59846_LmstMan;lmst;18;220
59846_LmstMan;lmst;19;430
59846_LmstMan;lmst;20;35
59846_LmstMan;lmst;22;147
59846_LmstMan;lmst;23;1042
59846_LmstMan;lmst;24;687
59846_LmstMan;lmst;25;772
59846_LmstMan;lmst;26;441
59846_LmstMan;lmst;27;883
59846_LmstMan;lmst;28;126
59846_LmstMan;lmst;31;1401
59846_LmstMan;lmst;32;544
59846_LmstMan;lmst;33;1022
59847_KtcGen;KtcAlgorithm;1;266
59847_KtcGen;KtcAlgorithm;2;150
59847_KtcGen;KtcAlgorithm;3;321
59847_KtcGen;KtcAlgorithm;4;425
59847_KtcGen;KtcAlgorithm;6;791
59847_KtcGen;KtcAlgorithm;7;123
59847_KtcGen;KtcAlgorithm;8;340
59847_KtcGen;KtcAlgorithm;10;581
59847_KtcGen;KtcAlgorithm;11;259
59847_KtcGen;KtcAlgorithm;13;764
59847_KtcGen;KtcAlgorithm;14;227
59847_KtcGen;KtcAlgorithm;15;393
59847_KtcGen;KtcAlgorithm;16;578
59847_KtcGen;KtcAlgorithm;17;364
59847_KtcGen;KtcAlgorithm;18;1281
59847_KtcGen;KtcAlgorithm;19;519
59847_KtcGen;KtcAlgorithm;20;118
59847_KtcGen;KtcAlgorithm;22;859
59847_KtcGen;KtcAlgorithm;23;294
59847_KtcGen;KtcAlgorithm;24;1062
59847_KtcGen;KtcAlgorithm;25;901
59847_KtcGen;KtcAlgorithm;26;809
59847_KtcGen;KtcAlgorithm;27;594
59847_KtcGen;KtcAlgorithm;28;467
59847_KtcGen;KtcAlgorithm;31;1038
59847_KtcGen;KtcAlgorithm;32;283
59847_KtcGen;KtcAlgorithm;33;558
59848_LStarKtcGen;LStarKtcAlgorithm;1;118988
59848_LStarKtcGen;LStarKtcAlgorithm;2;37293
59848_LStarKtcGen;LStarKtcAlgorithm;3;31410
59848_LStarKtcGen;LStarKtcAlgorithm;4;6929
59848_LStarKtcGen;LStarKtcAlgorithm;6;13154
59848_LStarKtcGen;LStarKtcAlgorithm;7;22645
59848_LStarKtcGen;LStarKtcAlgorithm;8;17916
59848_LStarKtcGen;LStarKtcAlgorithm;10;89726
59848_LStarKtcGen;LStarKtcAlgorithm;11;93750
59848_LStarKtcGen;LStarKtcAlgorithm;13;15448
59848_LStarKtcGen;LStarKtcAlgorithm;14;117494
59848_LStarKtcGen;LStarKtcAlgorithm;15;78708
59848_LStarKtcGen;LStarKtcAlgorithm;16;81148
59848_LStarKtcGen;LStarKtcAlgorithm;17;1162
59848_LStarKtcGen;LStarKtcAlgorithm;18;122140
59848_LStarKtcGen;LStarKtcAlgorithm;19;28110
59848_LStarKtcGen;LStarKtcAlgorithm;20;124543
59848_LStarKtcGen;LStarKtcAlgorithm;22;8279
59848_LStarKtcGen;LStarKtcAlgorithm;23;24783
59848_LStarKtcGen;LStarKtcAlgorithm;24;66197
59848_LStarKtcGen;LStarKtcAlgorithm;25;1044
59848_LStarKtcGen;LStarKtcAlgorithm;26;108923
59848_LStarKtcGen;LStarKtcAlgorithm;27;2137
59848_LStarKtcGen;LStarKtcAlgorithm;28;125463
59848_LStarKtcGen;LStarKtcAlgorithm;31;1412
59848_LStarKtcGen;LStarKtcAlgorithm;32;73823
59848_LStarKtcGen;LStarKtcAlgorithm;33;76266
59849_LmstGen;LmstAlgorithm;1;1069
59849_LmstGen;LmstAlgorithm;2;784
59849_LmstGen;LmstAlgorithm;3;20
59849_LmstGen;LmstAlgorithm;4;1357
59849_LmstGen;LmstAlgorithm;6;290
59849_LmstGen;LmstAlgorithm;7;701
59849_LmstGen;LmstAlgorithm;8;1032
59849_LmstGen;LmstAlgorithm;10;152
59849_LmstGen;LmstAlgorithm;11;726
59849_LmstGen;LmstAlgorithm;13;477
59849_LmstGen;LmstAlgorithm;14;331
59849_LmstGen;LmstAlgorithm;15;934
59849_LmstGen;LmstAlgorithm;16;247
59849_LmstGen;LmstAlgorithm;17;612
59849_LmstGen;LmstAlgorithm;18;932
59849_LmstGen;LmstAlgorithm;19;459
59849_LmstGen;LmstAlgorithm;20;44
59849_LmstGen;LmstAlgorithm;22;679
59849_LmstGen;LmstAlgorithm;23;753
59849_LmstGen;LmstAlgorithm;24;195
59849_LmstGen;LmstAlgorithm;25;907
59849_LmstGen;LmstAlgorithm;26;451
59849_LmstGen;LmstAlgorithm;27;209
59849_LmstGen;LmstAlgorithm;28;106
59849_LmstGen;LmstAlgorithm;31;126
59849_LmstGen;LmstAlgorithm;32;63
59849_LmstGen;LmstAlgorithm;33;26
59850_KtcMan;aktc;1;31
59850_KtcMan;aktc;2;25
59850_KtcMan;aktc;3;1456
59850_KtcMan;aktc;4;66
59850_KtcMan;aktc;6;143
59850_KtcMan;aktc;7;26
59850_KtcMan;aktc;8;57
59850_KtcMan;aktc;10;126
59850_KtcMan;aktc;11;59
59850_KtcMan;aktc;13;100
59850_KtcMan;aktc;14;67
59850_KtcMan;aktc;15;155
59850_KtcMan;aktc;16;60
59850_KtcMan;aktc;17;71
59850_KtcMan;aktc;18;147
59850_KtcMan;aktc;19;166
59850_KtcMan;aktc;20;220
59850_KtcMan;aktc;22;159
59850_KtcMan;aktc;23;193
59850_KtcMan;aktc;24;172
59850_KtcMan;aktc;25;182
59850_KtcMan;aktc;26;328
59850_KtcMan;aktc;27;127
59850_KtcMan;aktc;28;167
59850_KtcMan;aktc;31;217
59850_KtcMan;aktc;32;84
59850_KtcMan;aktc;33;83
59851_LStarKtcMan;lktc;1;92
59851_LStarKtcMan;lktc;2;35
59851_LStarKtcMan;lktc;3;1246
59851_LStarKtcMan;lktc;4;88
59851_LStarKtcMan;lktc;6;198
59851_LStarKtcMan;lktc;7;53
59851_LStarKtcMan;lktc;8;65
59851_LStarKtcMan;lktc;10;271
59851_LStarKtcMan;lktc;11;111
59851_LStarKtcMan;lktc;13;317
59851_LStarKtcMan;lktc;14;110
59851_LStarKtcMan;lktc;15;267
59851_LStarKtcMan;lktc;16;89
59851_LStarKtcMan;lktc;17;184
59851_LStarKtcMan;lktc;18;272
59851_LStarKtcMan;lktc;19;261
59851_LStarKtcMan;lktc;20;456
59851_LStarKtcMan;lktc;22;195
59851_LStarKtcMan;lktc;23;443
59851_LStarKtcMan;lktc;24;409
59851_LStarKtcMan;lktc;25;289
59851_LStarKtcMan;lktc;26;399
59851_LStarKtcMan;lktc;27;147
59851_LStarKtcMan;lktc;28;343
59851_LStarKtcMan;lktc;31;187
59851_LStarKtcMan;lktc;32;115
59851_LStarKtcMan;lktc;33;106
59852_LmstMan;lmst;1;272
59852_LmstMan;lmst;2;201
59852_LmstMan;lmst;3;926
59852_LmstMan;lmst;4;528
59852_LmstMan;lmst;6;559
59852_LmstMan;lmst;7;367
59852_LmstMan;lmst;8;289
59852_LmstMan;lmst;10;80
59852_LmstMan;lmst;11;623
59852_LmstMan;lmst;13;608
59852_LmstMan;lmst;14;1292
59852_LmstMan;lmst;15;833
59852_LmstMan;lmst;16;777
59852_LmstMan;lmst;17;757
59852_LmstMan;lmst;18;555
59852_LmstMan;lmst;19;590
59852_LmstMan;lmst;20;15
59852_LmstMan;lmst;22;724
59852_LmstMan;lmst;23;410
59852_LmstMan;lmst;24;771
59852_LmstMan;lmst;25;684
59852_LmstMan;lmst;26;618
59852_LmstMan;lmst;27;1130
59852_LmstMan;lmst;28;120
59852_LmstMan;lmst;31;180
59852_LmstMan;lmst;32;576
59852_LmstMan;lmst;33;1154
59853_KtcGen;KtcAlgorithm;1;136
59853_KtcGen;KtcAlgorithm;2;161
59853_KtcGen;KtcAlgorithm;3;864
59853_KtcGen;KtcAlgorithm;4;288
59853_KtcGen;KtcAlgorithm;6;766
59853_KtcGen;KtcAlgorithm;7;115
59853_KtcGen;KtcAlgorithm;8;408
59853_KtcGen;KtcAlgorithm;10;463
59853_KtcGen;KtcAlgorithm;11;309
59853_KtcGen;KtcAlgorithm;13;1170
59853_KtcGen;KtcAlgorithm;14;299
59853_KtcGen;KtcAlgorithm;15;601
59853_KtcGen;KtcAlgorithm;16;648
59853_KtcGen;KtcAlgorithm;17;416
59853_KtcGen;KtcAlgorithm;18;864
59853_KtcGen;KtcAlgorithm;19;1288
59853_KtcGen;KtcAlgorithm;20;40
59853_KtcGen;KtcAlgorithm;22;830
59853_KtcGen;KtcAlgorithm;23;138
59853_KtcGen;KtcAlgorithm;24;982
59853_KtcGen;KtcAlgorithm;25;881
59853_KtcGen;KtcAlgorithm;26;816
59853_KtcGen;KtcAlgorithm;27;1091
59853_KtcGen;KtcAlgorithm;28;276
59853_KtcGen;KtcAlgorithm;31;1376
59853_KtcGen;KtcAlgorithm;32;394
59853_KtcGen;KtcAlgorithm;33;558
59854_LStarKtcGen;LStarKtcAlgorithm;1;74523
59854_LStarKtcGen;LStarKtcAlgorithm;2;91247
59854_LStarKtcGen;LStarKtcAlgorithm;3;92531
59854_LStarKtcGen;LStarKtcAlgorithm;4;11506
59854_LStarKtcGen;LStarKtcAlgorithm;6;22797
59854_LStarKtcGen;LStarKtcAlgorithm;7;49377
59854_LStarKtcGen;LStarKtcAlgorithm;8;115844
59854_LStarKtcGen;LStarKtcAlgorithm;10;104553
59854_LStarKtcGen;LStarKtcAlgorithm;11;93048
59854_LStarKtcGen;LStarKtcAlgorithm;13;90363
59854_LStarKtcGen;LStarKtcAlgorithm;14;71289
59854_LStarKtcGen;LStarKtcAlgorithm;15;113983
59854_LStarKtcGen;LStarKtcAlgorithm;16;14252
59854_LStarKtcGen;LStarKtcAlgorithm;17;74432
59854_LStarKtcGen;LStarKtcAlgorithm;18;153
59854_LStarKtcGen;LStarKtcAlgorithm;19;106719
59854_LStarKtcGen;LStarKtcAlgorithm;20;112153
59854_LStarKtcGen;LStarKtcAlgorithm;22;131011
59854_LStarKtcGen;LStarKtcAlgorithm;23;14406
59854_LStarKtcGen;LStarKtcAlgorithm;24;38392
59854_LStarKtcGen;LStarKtcAlgorithm;25;58045
59854_LStarKtcGen;LStarKtcAlgorithm;26;25483
59854_LStarKtcGen;LStarKtcAlgorithm;27;125396
59854_LStarKtcGen;LStarKtcAlgorithm;28;69825
59854_LStarKtcGen;LStarKtcAlgorithm;31;40925
59854_LStarKtcGen;LStarKtcAlgorithm;32;43609
59854_LStarKtcGen;LStarKtcAlgorithm;33;10651
59855_LmstGen;LmstAlgorithm;1;1041
59855_LmstGen;LmstAlgorithm;2;466
59855_LmstGen;LmstAlgorithm;3;952
59855_LmstGen;LmstAlgorithm;4;259
59855_LmstGen;LmstAlgorithm;6;495
59855_LmstGen;LmstAlgorithm;7;52
59855_LmstGen;LmstAlgorithm;8;105
59855_LmstGen;LmstAlgorithm;10;764
59855_LmstGen;LmstAlgorithm;11;1490
59855_LmstGen;LmstAlgorithm;13;235
59855_LmstGen;LmstAlgorithm;14;27
59855_LmstGen;LmstAlgorithm;15;46
59855_LmstGen;LmstAlgorithm;16;628
59855_LmstGen;LmstAlgorithm;17;566
59855_LmstGen;LmstAlgorithm;18;1222
59855_LmstGen;LmstAlgorithm;19;462
59855_LmstGen;LmstAlgorithm;20;772
59855_LmstGen;LmstAlgorithm;22;881
59855_LmstGen;LmstAlgorithm;23;1231
59855_LmstGen;LmstAlgorithm;24;355
59855_LmstGen;LmstAlgorithm;25;696
59855_LmstGen;LmstAlgorithm;26;384
59855_LmstGen;LmstAlgorithm;27;1133
59855_LmstGen;LmstAlgorithm;28;171
59855_LmstGen;LmstAlgorithm;31;823
59855_LmstGen;LmstAlgorithm;32;550
59855_LmstGen;LmstAlgorithm;33;554
59859_KtcMan;aktc;1;30
59859_KtcMan;aktc;2;34
59859_KtcMan;aktc;3;416
59859_KtcMan;aktc;4;46
59859_KtcMan;aktc;6;75
59859_KtcMan;aktc;7;23
59859_KtcMan;aktc;8;57
59859_KtcMan;aktc;10;143
59859_KtcMan;aktc;11;49
59859_KtcMan;aktc;13;116
59859_KtcMan;aktc;14;94
59859_KtcMan;aktc;15;94
59859_KtcMan;aktc;16;110
59859_KtcMan;aktc;17;60
59859_KtcMan;aktc;18;107
59859_KtcMan;aktc;19;139
59859_KtcMan;aktc;20;277
59859_KtcMan;aktc;22;175
59859_KtcMan;aktc;23;233
59859_KtcMan;aktc;24;158
59859_KtcMan;aktc;25;181
59859_KtcMan;aktc;26;118
59859_KtcMan;aktc;27;77
59859_KtcMan;aktc;28;145
59859_KtcMan;aktc;31;91
59859_KtcMan;aktc;32;11
59859_KtcMan;aktc;33;112
59860_LStarKtcMan;lktc;1;89
59860_LStarKtcMan;lktc;2;38
59860_LStarKtcMan;lktc;3;411
59860_LStarKtcMan;lktc;4;77
59860_LStarKtcMan;lktc;6;123
59860_LStarKtcMan;lktc;7;41
59860_LStarKtcMan;lktc;8;65
59860_LStarKtcMan;lktc;10;189
59860_LStarKtcMan;lktc;11;98
59860_LStarKtcMan;lktc;13;292
59860_LStarKtcMan;lktc;14;37
59860_LStarKtcMan;lktc;15;188
59860_LStarKtcMan;lktc;16;77
59860_LStarKtcMan;lktc;17;244
59860_LStarKtcMan;lktc;18;87
59860_LStarKtcMan;lktc;19;128
59860_LStarKtcMan;lktc;20;531
59860_LStarKtcMan;lktc;22;164
59860_LStarKtcMan;lktc;23;443
59860_LStarKtcMan;lktc;24;166
59860_LStarKtcMan;lktc;25;263
59860_LStarKtcMan;lktc;26;250
59860_LStarKtcMan;lktc;27;101
59860_LStarKtcMan;lktc;28;187
59860_LStarKtcMan;lktc;31;220
59860_LStarKtcMan;lktc;32;54
59860_LStarKtcMan;lktc;33;173
59861_LmstMan;lmst;1;513
59861_LmstMan;lmst;2;426
59861_LmstMan;lmst;3;904
59861_LmstMan;lmst;4;1300
59861_LmstMan;lmst;6;161
59861_LmstMan;lmst;7;302
59861_LmstMan;lmst;8;510
59861_LmstMan;lmst;10;123
59861_LmstMan;lmst;11;472
59861_LmstMan;lmst;13;624
59861_LmstMan;lmst;14;628
59861_LmstMan;lmst;15;594
59861_LmstMan;lmst;16;18
59861_LmstMan;lmst;17;890
59861_LmstMan;lmst;18;110
59861_LmstMan;lmst;19;784
59861_LmstMan;lmst;20;18
59861_LmstMan;lmst;22;170
59861_LmstMan;lmst;23;1242
59861_LmstMan;lmst;24;805
59861_LmstMan;lmst;25;684
59861_LmstMan;lmst;26;231
59861_LmstMan;lmst;27;1015
59861_LmstMan;lmst;28;174
59861_LmstMan;lmst;31;1318
59861_LmstMan;lmst;32;472
59861_LmstMan;lmst;33;1008
59862_KtcGen;KtcAlgorithm;1;173
59862_KtcGen;KtcAlgorithm;2;176
59862_KtcGen;KtcAlgorithm;3;880
59862_KtcGen;KtcAlgorithm;4;332
59862_KtcGen;KtcAlgorithm;6;1157
59862_KtcGen;KtcAlgorithm;7;132
59862_KtcGen;KtcAlgorithm;8;398
59862_KtcGen;KtcAlgorithm;10;813
59862_KtcGen;KtcAlgorithm;11;375
59862_KtcGen;KtcAlgorithm;13;1077
59862_KtcGen;KtcAlgorithm;14;332
59862_KtcGen;KtcAlgorithm;15;450
59862_KtcGen;KtcAlgorithm;16;606
59862_KtcGen;KtcAlgorithm;17;388
59862_KtcGen;KtcAlgorithm;18;1111
59862_KtcGen;KtcAlgorithm;19;451
59862_KtcGen;KtcAlgorithm;20;333
59862_KtcGen;KtcAlgorithm;22;936
59862_KtcGen;KtcAlgorithm;23;238
59862_KtcGen;KtcAlgorithm;24;843
59862_KtcGen;KtcAlgorithm;25;810
59862_KtcGen;KtcAlgorithm;26;14
59862_KtcGen;KtcAlgorithm;27;763
59862_KtcGen;KtcAlgorithm;28;487
59862_KtcGen;KtcAlgorithm;31;1069
59862_KtcGen;KtcAlgorithm;32;336
59862_KtcGen;KtcAlgorithm;33;1288
59863_LStarKtcGen;LStarKtcAlgorithm;1;56427
59863_LStarKtcGen;LStarKtcAlgorithm;2;114135
59863_LStarKtcGen;LStarKtcAlgorithm;3;119664
59863_LStarKtcGen;LStarKtcAlgorithm;4;127197
59863_LStarKtcGen;LStarKtcAlgorithm;6;81208
59863_LStarKtcGen;LStarKtcAlgorithm;7;80261
59863_LStarKtcGen;LStarKtcAlgorithm;8;80078
59863_LStarKtcGen;LStarKtcAlgorithm;10;23835
59863_LStarKtcGen;LStarKtcAlgorithm;11;11872
59863_LStarKtcGen;LStarKtcAlgorithm;13;35950
59863_LStarKtcGen;LStarKtcAlgorithm;14;18525
59863_LStarKtcGen;LStarKtcAlgorithm;15;120117
59863_LStarKtcGen;LStarKtcAlgorithm;16;8973
59863_LStarKtcGen;LStarKtcAlgorithm;17;552
59863_LStarKtcGen;LStarKtcAlgorithm;18;91798
59863_LStarKtcGen;LStarKtcAlgorithm;19;104342
59863_LStarKtcGen;LStarKtcAlgorithm;20;113410
59863_LStarKtcGen;LStarKtcAlgorithm;22;61342
59863_LStarKtcGen;LStarKtcAlgorithm;23;10502
59863_LStarKtcGen;LStarKtcAlgorithm;24;82765
59863_LStarKtcGen;LStarKtcAlgorithm;25;110236
59863_LStarKtcGen;LStarKtcAlgorithm;26;7637
59863_LStarKtcGen;LStarKtcAlgorithm;27;15168
59863_LStarKtcGen;LStarKtcAlgorithm;28;88135
59863_LStarKtcGen;LStarKtcAlgorithm;31;79683
59863_LStarKtcGen;LStarKtcAlgorithm;32;107727
59863_LStarKtcGen;LStarKtcAlgorithm;33;550
59864_LmstGen;LmstAlgorithm;1;676
59864_LmstGen;LmstAlgorithm;2;641
59864_LmstGen;LmstAlgorithm;3;346
59864_LmstGen;LmstAlgorithm;4;378
59864_LmstGen;LmstAlgorithm;6;589
59864_LmstGen;LmstAlgorithm;7;649
59864_LmstGen;LmstAlgorithm;8;660
59864_LmstGen;LmstAlgorithm;10;1068
59864_LmstGen;LmstAlgorithm;11;371
59864_LmstGen;LmstAlgorithm;13;516
59864_LmstGen;LmstAlgorithm;14;174
59864_LmstGen;LmstAlgorithm;15;1043
59864_LmstGen;LmstAlgorithm;16;435
59864_LmstGen;LmstAlgorithm;17;742
59864_LmstGen;LmstAlgorithm;18;552
59864_LmstGen;LmstAlgorithm;19;265
59864_LmstGen;LmstAlgorithm;20;369
59864_LmstGen;LmstAlgorithm;22;890
59864_LmstGen;LmstAlgorithm;23;413
59864_LmstGen;LmstAlgorithm;24;360
59864_LmstGen;LmstAlgorithm;25;387
59864_LmstGen;LmstAlgorithm;26;29
59864_LmstGen;LmstAlgorithm;27;780
59864_LmstGen;LmstAlgorithm;28;406
59864_LmstGen;LmstAlgorithm;31;689
59864_LmstGen;LmstAlgorithm;32;361
59864_LmstGen;LmstAlgorithm;33;646
59865_KtcMan;aktc;1;32
59865_KtcMan;aktc;2;32
59865_KtcMan;aktc;3;523
59865_KtcMan;aktc;4;75
59865_KtcMan;aktc;6;119
59865_KtcMan;aktc;7;23
59865_KtcMan;aktc;8;58
59865_KtcMan;aktc;10;169
59865_KtcMan;aktc;11;71
59865_KtcMan;aktc;13;151
59865_KtcMan;aktc;14;73
59865_KtcMan;aktc;15;126
59865_KtcMan;aktc;16;122
59865_KtcMan;aktc;17;117
59865_KtcMan;aktc;18;117
59865_KtcMan;aktc;19;107
59865_KtcMan;aktc;20;187
59865_KtcMan;aktc;22;146
59865_KtcMan;aktc;23;257
59865_KtcMan;aktc;24;88
59865_KtcMan;aktc;25;173
59865_KtcMan;aktc;26;202
59865_KtcMan;aktc;27;86
59865_KtcMan;aktc;28;141
59865_KtcMan;aktc;31;182
59865_KtcMan;aktc;32;75
59865_KtcMan;aktc;33;72
59866_LStarKtcMan;lktc;1;94
59866_LStarKtcMan;lktc;2;36
59866_LStarKtcMan;lktc;3;1161
59866_LStarKtcMan;lktc;4;82
59866_LStarKtcMan;lktc;6;151
59866_LStarKtcMan;lktc;7;52
59866_LStarKtcMan;lktc;8;64
59866_LStarKtcMan;lktc;10;154
59866_LStarKtcMan;lktc;11;65
59866_LStarKtcMan;lktc;13;261
59866_LStarKtcMan;lktc;14;85
59866_LStarKtcMan;lktc;15;168
59866_LStarKtcMan;lktc;16;177
59866_LStarKtcMan;lktc;17;158
59866_LStarKtcMan;lktc;18;264
59866_LStarKtcMan;lktc;19;124
59866_LStarKtcMan;lktc;20;403
59866_LStarKtcMan;lktc;22;147
59866_LStarKtcMan;lktc;23;388
59866_LStarKtcMan;lktc;24;167
59866_LStarKtcMan;lktc;25;223
59866_LStarKtcMan;lktc;26;295
59866_LStarKtcMan;lktc;27;110
59866_LStarKtcMan;lktc;28;251
59866_LStarKtcMan;lktc;31;155
59866_LStarKtcMan;lktc;32;53
59866_LStarKtcMan;lktc;33;107
59867_LmstMan;lmst;1;525
59867_LmstMan;lmst;2;385
59867_LmstMan;lmst;3;1055
59867_LmstMan;lmst;4;1268
59867_LmstMan;lmst;6;196
59867_LmstMan;lmst;7;360
59867_LmstMan;lmst;8;533
59867_LmstMan;lmst;10;272
59867_LmstMan;lmst;11;609
59867_LmstMan;lmst;13;895
59867_LmstMan;lmst;14;643
59867_LmstMan;lmst;15;910
59867_LmstMan;lmst;16;237
59867_LmstMan;lmst;17;851
59867_LmstMan;lmst;18;978
59867_LmstMan;lmst;19;855
59867_LmstMan;lmst;20;385
59867_LmstMan;lmst;22;348
59867_LmstMan;lmst;23;565
59867_LmstMan;lmst;24;904
59867_LmstMan;lmst;25;595
59867_LmstMan;lmst;26;572
59867_LmstMan;lmst;27;1060
59867_LmstMan;lmst;28;123
59867_LmstMan;lmst;31;1266
59867_LmstMan;lmst;32;424
59867_LmstMan;lmst;33;926
59868_KtcGen;KtcAlgorithm;1;136
59868_KtcGen;KtcAlgorithm;2;158
59868_KtcGen;KtcAlgorithm;3;1181
59868_KtcGen;KtcAlgorithm;4;280
59868_KtcGen;KtcAlgorithm;6;824
59868_KtcGen;KtcAlgorithm;7;122
59868_KtcGen;KtcAlgorithm;8;350
59868_KtcGen;KtcAlgorithm;10;641
59868_KtcGen;KtcAlgorithm;11;345
59868_KtcGen;KtcAlgorithm;13;617
59868_KtcGen;KtcAlgorithm;14;263
59868_KtcGen;KtcAlgorithm;15;325
59868_KtcGen;KtcAlgorithm;16;549
59868_KtcGen;KtcAlgorithm;17;269
59868_KtcGen;KtcAlgorithm;18;1006
59868_KtcGen;KtcAlgorithm;19;483
59868_KtcGen;KtcAlgorithm;20;204
59868_KtcGen;KtcAlgorithm;22;862
59868_KtcGen;KtcAlgorithm;23;82
59868_KtcGen;KtcAlgorithm;24;582
59868_KtcGen;KtcAlgorithm;25;865
59868_KtcGen;KtcAlgorithm;26;858
59868_KtcGen;KtcAlgorithm;27;712
59868_KtcGen;KtcAlgorithm;28;375
59868_KtcGen;KtcAlgorithm;31;1146
59868_KtcGen;KtcAlgorithm;32;228
59868_KtcGen;KtcAlgorithm;33;611
59869_LStarKtcGen;LStarKtcAlgorithm;1;116424
59869_LStarKtcGen;LStarKtcAlgorithm;2;38971
59869_LStarKtcGen;LStarKtcAlgorithm;3;5157
59869_LStarKtcGen;LStarKtcAlgorithm;4;15108
59869_LStarKtcGen;LStarKtcAlgorithm;6;12975
59869_LStarKtcGen;LStarKtcAlgorithm;7;123443
59869_LStarKtcGen;LStarKtcAlgorithm;8;102052
59869_LStarKtcGen;LStarKtcAlgorithm;10;67416
59869_LStarKtcGen;LStarKtcAlgorithm;11;130524
59869_LStarKtcGen;LStarKtcAlgorithm;13;80966
59869_LStarKtcGen;LStarKtcAlgorithm;14;56520
59869_LStarKtcGen;LStarKtcAlgorithm;15;91740
59869_LStarKtcGen;LStarKtcAlgorithm;16;76113
59869_LStarKtcGen;LStarKtcAlgorithm;17;114898
59869_LStarKtcGen;LStarKtcAlgorithm;18;116976
59869_LStarKtcGen;LStarKtcAlgorithm;19;67964
59869_LStarKtcGen;LStarKtcAlgorithm;20;13094
59869_LStarKtcGen;LStarKtcAlgorithm;22;74771
59869_LStarKtcGen;LStarKtcAlgorithm;23;65248
59869_LStarKtcGen;LStarKtcAlgorithm;24;120455
59869_LStarKtcGen;LStarKtcAlgorithm;25;14840
59869_LStarKtcGen;LStarKtcAlgorithm;26;87013
59869_LStarKtcGen;LStarKtcAlgorithm;27;105012
59869_LStarKtcGen;LStarKtcAlgorithm;28;14314
59869_LStarKtcGen;LStarKtcAlgorithm;31;60617
59869_LStarKtcGen;LStarKtcAlgorithm;32;47303
59869_LStarKtcGen;LStarKtcAlgorithm;33;64279
59870_LmstGen;LmstAlgorithm;1;236
59870_LmstGen;LmstAlgorithm;2;143
59870_LmstGen;LmstAlgorithm;3;1391
59870_LmstGen;LmstAlgorithm;4;1092
59870_LmstGen;LmstAlgorithm;6;862
59870_LmstGen;LmstAlgorithm;7;757
59870_LmstGen;LmstAlgorithm;8;401
59870_LmstGen;LmstAlgorithm;10;262
59870_LmstGen;LmstAlgorithm;11;1502
59870_LmstGen;LmstAlgorithm;13;911
59870_LmstGen;LmstAlgorithm;14;1131
59870_LmstGen;LmstAlgorithm;15;537
59870_LmstGen;LmstAlgorithm;16;921
59870_LmstGen;LmstAlgorithm;17;937
59870_LmstGen;LmstAlgorithm;18;6
59870_LmstGen;LmstAlgorithm;19;266
59870_LmstGen;LmstAlgorithm;20;915
59870_LmstGen;LmstAlgorithm;22;183
59870_LmstGen;LmstAlgorithm;23;209
59870_LmstGen;LmstAlgorithm;24;340
59870_LmstGen;LmstAlgorithm;25;1185
59870_LmstGen;LmstAlgorithm;26;694
59870_LmstGen;LmstAlgorithm;27;620
59870_LmstGen;LmstAlgorithm;28;651
59870_LmstGen;LmstAlgorithm;31;257
59870_LmstGen;LmstAlgorithm;32;529
59870_LmstGen;LmstAlgorithm;33;107
59884_KtcMan;aktc;1;33
59884_KtcMan;aktc;2;30
59884_KtcMan;aktc;3;1464
59884_KtcMan;aktc;4;78
59884_KtcMan;aktc;6;157
59884_KtcMan;aktc;7;30
59884_KtcMan;aktc;8;53
59884_KtcMan;aktc;10;155
59884_KtcMan;aktc;11;61
59884_KtcMan;aktc;13;93
59884_KtcMan;aktc;14;63
59884_KtcMan;aktc;15;132
59884_KtcMan;aktc;16;155
59884_KtcMan;aktc;17;87
59884_KtcMan;aktc;18;220
59884_KtcMan;aktc;19;115
59884_KtcMan;aktc;20;254
59884_KtcMan;aktc;22;144
59884_KtcMan;aktc;23;337
59884_KtcMan;aktc;24;184
59884_KtcMan;aktc;25;181
59884_KtcMan;aktc;26;230
59884_KtcMan;aktc;27;109
59884_KtcMan;aktc;28;186
59884_KtcMan;aktc;31;317
59884_KtcMan;aktc;32;75
59884_KtcMan;aktc;33;120
59885_LStarKtcMan;lktc;1;92
59885_LStarKtcMan;lktc;2;32
59885_LStarKtcMan;lktc;3;1157
59885_LStarKtcMan;lktc;4;120
59885_LStarKtcMan;lktc;6;204
59885_LStarKtcMan;lktc;7;35
59885_LStarKtcMan;lktc;8;83
59885_LStarKtcMan;lktc;10;202
59885_LStarKtcMan;lktc;11;96
59885_LStarKtcMan;lktc;13;314
59885_LStarKtcMan;lktc;14;107
59885_LStarKtcMan;lktc;15;189
59885_LStarKtcMan;lktc;16;250
59885_LStarKtcMan;lktc;17;184
59885_LStarKtcMan;lktc;18;216
59885_LStarKtcMan;lktc;19;201
59885_LStarKtcMan;lktc;20;675
59885_LStarKtcMan;lktc;22;242
59885_LStarKtcMan;lktc;23;616
59885_LStarKtcMan;lktc;24;347
59885_LStarKtcMan;lktc;25;252
59885_LStarKtcMan;lktc;26;265
59885_LStarKtcMan;lktc;27;181
59885_LStarKtcMan;lktc;28;465
59885_LStarKtcMan;lktc;31;300
59885_LStarKtcMan;lktc;32;80
59885_LStarKtcMan;lktc;33;147
59886_LmstMan;lmst;1;520
59886_LmstMan;lmst;2;505
59886_LmstMan;lmst;3;903
59886_LmstMan;lmst;4;1280
59886_LmstMan;lmst;6;137
59886_LmstMan;lmst;7;328
59886_LmstMan;lmst;8;596
59886_LmstMan;lmst;10;116
59886_LmstMan;lmst;11;573
59886_LmstMan;lmst;13;749
59886_LmstMan;lmst;14;605
59886_LmstMan;lmst;15;529
59886_LmstMan;lmst;16;166
59886_LmstMan;lmst;17;602
59886_LmstMan;lmst;18;9
59886_LmstMan;lmst;19;801
59886_LmstMan;lmst;20;240
59886_LmstMan;lmst;22;163
59886_LmstMan;lmst;23;841
59886_LmstMan;lmst;24;624
59886_LmstMan;lmst;25;722
59886_LmstMan;lmst;26;239
59886_LmstMan;lmst;27;1062
59886_LmstMan;lmst;28;79
59886_LmstMan;lmst;31;972
59886_LmstMan;lmst;32;519
59886_LmstMan;lmst;33;667
59887_KtcGen;KtcAlgorithm;1;140
59887_KtcGen;KtcAlgorithm;2;148
59887_KtcGen;KtcAlgorithm;3;90
59887_KtcGen;KtcAlgorithm;4;283
59887_KtcGen;KtcAlgorithm;6;1131
59887_KtcGen;KtcAlgorithm;7;105
59887_KtcGen;KtcAlgorithm;8;329
59887_KtcGen;KtcAlgorithm;10;628
59887_KtcGen;KtcAlgorithm;11;416
59887_KtcGen;KtcAlgorithm;13;573
59887_KtcGen;KtcAlgorithm;14;350
59887_KtcGen;KtcAlgorithm;15;448
59887_KtcGen;KtcAlgorithm;16;720
59887_KtcGen;KtcAlgorithm;17;369
59887_KtcGen;KtcAlgorithm;18;1171
59887_KtcGen;KtcAlgorithm;19;552
59887_KtcGen;KtcAlgorithm;20;394
59887_KtcGen;KtcAlgorithm;22;854
59887_KtcGen;KtcAlgorithm;23;25
59887_KtcGen;KtcAlgorithm;24;798
59887_KtcGen;KtcAlgorithm;25;904
59887_KtcGen;KtcAlgorithm;26;85
59887_KtcGen;KtcAlgorithm;27;764
59887_KtcGen;KtcAlgorithm;28;441
59887_KtcGen;KtcAlgorithm;31;470
59887_KtcGen;KtcAlgorithm;32;234
59887_KtcGen;KtcAlgorithm;33;1296
59888_LStarKtcGen;LStarKtcAlgorithm;1;118438
59888_LStarKtcGen;LStarKtcAlgorithm;2;13215
59888_LStarKtcGen;LStarKtcAlgorithm;3;128912
59888_LStarKtcGen;LStarKtcAlgorithm;4;117157
59888_LStarKtcGen;LStarKtcAlgorithm;6;82129
59888_LStarKtcGen;LStarKtcAlgorithm;7;49804
59888_LStarKtcGen;LStarKtcAlgorithm;8;111360
59888_LStarKtcGen;LStarKtcAlgorithm;10;22433
59888_LStarKtcGen;LStarKtcAlgorithm;11;72875
59888_LStarKtcGen;LStarKtcAlgorithm;13;27771
59888_LStarKtcGen;LStarKtcAlgorithm;14;53710
59888_LStarKtcGen;LStarKtcAlgorithm;15;79073
59888_LStarKtcGen;LStarKtcAlgorithm;16;13737
59888_LStarKtcGen;LStarKtcAlgorithm;17;54627
59888_LStarKtcGen;LStarKtcAlgorithm;18;18772
59888_LStarKtcGen;LStarKtcAlgorithm;19;122192
59888_LStarKtcGen;LStarKtcAlgorithm;20;62746
59888_LStarKtcGen;LStarKtcAlgorithm;22;49751
59888_LStarKtcGen;LStarKtcAlgorithm;23;96319
59888_LStarKtcGen;LStarKtcAlgorithm;24;110386
59888_LStarKtcGen;LStarKtcAlgorithm;25;74219
59888_LStarKtcGen;LStarKtcAlgorithm;26;55146
59888_LStarKtcGen;LStarKtcAlgorithm;27;8088
59888_LStarKtcGen;LStarKtcAlgorithm;28;47064
59888_LStarKtcGen;LStarKtcAlgorithm;31;41508
59888_LStarKtcGen;LStarKtcAlgorithm;32;7325
59888_LStarKtcGen;LStarKtcAlgorithm;33;47524
59889_LmstGen;LmstAlgorithm;1;754
59889_LmstGen;LmstAlgorithm;2;367
59889_LmstGen;LmstAlgorithm;3;172
59889_LmstGen;LmstAlgorithm;4;1199
59889_LmstGen;LmstAlgorithm;6;473
59889_LmstGen;LmstAlgorithm;7;397
59889_LmstGen;LmstAlgorithm;8;942
59889_LmstGen;LmstAlgorithm;10;212
59889_LmstGen;LmstAlgorithm;11;50
59889_LmstGen;LmstAlgorithm;13;226
59889_LmstGen;LmstAlgorithm;14;467
59889_LmstGen;LmstAlgorithm;15;181
59889_LmstGen;LmstAlgorithm;16;348
59889_LmstGen;LmstAlgorithm;17;596
59889_LmstGen;LmstAlgorithm;18;1149
59889_LmstGen;LmstAlgorithm;19;571
59889_LmstGen;LmstAlgorithm;20;3
59889_LmstGen;LmstAlgorithm;22;678
59889_LmstGen;LmstAlgorithm;23;890
59889_LmstGen;LmstAlgorithm;24;224
59889_LmstGen;LmstAlgorithm;25;1002
59889_LmstGen;LmstAlgorithm;26;607
59889_LmstGen;LmstAlgorithm;27;199
59889_LmstGen;LmstAlgorithm;28;493
59889_LmstGen;LmstAlgorithm;31;482
59889_LmstGen;LmstAlgorithm;32;437
59889_LmstGen;LmstAlgorithm;33;486
59890_KtcMan;aktc;1;33
59890_KtcMan;aktc;2;30
59890_KtcMan;aktc;3;506
59890_KtcMan;aktc;4;79
59890_KtcMan;aktc;6;113
59890_KtcMan;aktc;7;71
59890_KtcMan;aktc;8;53
59890_KtcMan;aktc;10;163
59890_KtcMan;aktc;11;56
59890_KtcMan;aktc;13;173
59890_KtcMan;aktc;14;53
59890_KtcMan;aktc;15;155
59890_KtcMan;aktc;16;145
59890_KtcMan;aktc;17;119
59890_KtcMan;aktc;18;198
59890_KtcMan;aktc;19;103
59890_KtcMan;aktc;20;279
59890_KtcMan;aktc;22;168
59890_KtcMan;aktc;23;452
59890_KtcMan;aktc;24;146
59890_KtcMan;aktc;25;208
59890_KtcMan;aktc;26;231
59890_KtcMan;aktc;27;99
59890_KtcMan;aktc;28;276
59890_KtcMan;aktc;31;249
59890_KtcMan;aktc;32;103
59890_KtcMan;aktc;33;99
59891_LStarKtcMan;lktc;1;96
59891_LStarKtcMan;lktc;2;40
59891_LStarKtcMan;lktc;3;1095
59891_LStarKtcMan;lktc;4;80
59891_LStarKtcMan;lktc;6;173
59891_LStarKtcMan;lktc;7;52
59891_LStarKtcMan;lktc;8;66
59891_LStarKtcMan;lktc;10;176
59891_LStarKtcMan;lktc;11;75
59891_LStarKtcMan;lktc;13;152
59891_LStarKtcMan;lktc;14;63
59891_LStarKtcMan;lktc;15;189
59891_LStarKtcMan;lktc;16;221
59891_LStarKtcMan;lktc;17;258
59891_LStarKtcMan;lktc;18;151
59891_LStarKtcMan;lktc;19;148
59891_LStarKtcMan;lktc;20;465
59891_LStarKtcMan;lktc;22;143
59891_LStarKtcMan;lktc;23;544
59891_LStarKtcMan;lktc;24;163
59891_LStarKtcMan;lktc;25;184
59891_LStarKtcMan;lktc;26;238
59891_LStarKtcMan;lktc;27;136
59891_LStarKtcMan;lktc;28;244
59891_LStarKtcMan;lktc;31;227
59891_LStarKtcMan;lktc;32;85
59891_LStarKtcMan;lktc;33;148
59892_LmstMan;lmst;1;628
59892_LmstMan;lmst;2;557
59892_LmstMan;lmst;3;571
59892_LmstMan;lmst;4;1238
59892_LmstMan;lmst;6;565
59892_LmstMan;lmst;7;451
59892_LmstMan;lmst;8;642
59892_LmstMan;lmst;10;64
59892_LmstMan;lmst;11;586
59892_LmstMan;lmst;13;902
59892_LmstMan;lmst;14;1294
59892_LmstMan;lmst;15;686
59892_LmstMan;lmst;16;196
59892_LmstMan;lmst;17;772
59892_LmstMan;lmst;18;301
59892_LmstMan;lmst;19;604
59892_LmstMan;lmst;20;1100
59892_LmstMan;lmst;22;300
59892_LmstMan;lmst;23;885
59892_LmstMan;lmst;24;643
59892_LmstMan;lmst;25;827
59892_LmstMan;lmst;26;477
59892_LmstMan;lmst;27;312
59892_LmstMan;lmst;28;127
59892_LmstMan;lmst;31;391
59892_LmstMan;lmst;32;630
59892_LmstMan;lmst;33;851
59893_KtcGen;KtcAlgorithm;1;131
59893_KtcGen;KtcAlgorithm;2;136
59893_KtcGen;KtcAlgorithm;3;1079
59893_KtcGen;KtcAlgorithm;4;248
59893_KtcGen;KtcAlgorithm;6;1071
59893_KtcGen;KtcAlgorithm;7;129
59893_KtcGen;KtcAlgorithm;8;296
59893_KtcGen;KtcAlgorithm;10;594
59893_KtcGen;KtcAlgorithm;11;231
59893_KtcGen;KtcAlgorithm;13;976
59893_KtcGen;KtcAlgorithm;14;470
59893_KtcGen;KtcAlgorithm;15;450
59893_KtcGen;KtcAlgorithm;16;685
59893_KtcGen;KtcAlgorithm;17;456
59893_KtcGen;KtcAlgorithm;18;643
59893_KtcGen;KtcAlgorithm;19;511
59893_KtcGen;KtcAlgorithm;20;281
59893_KtcGen;KtcAlgorithm;22;891
59893_KtcGen;KtcAlgorithm;23;1188
59893_KtcGen;KtcAlgorithm;24;753
59893_KtcGen;KtcAlgorithm;25;768
59893_KtcGen;KtcAlgorithm;26;715
59893_KtcGen;KtcAlgorithm;27;571
59893_KtcGen;KtcAlgorithm;28;718
59893_KtcGen;KtcAlgorithm;31;382
59893_KtcGen;KtcAlgorithm;32;384
59893_KtcGen;KtcAlgorithm;33;625
59894_LStarKtcGen;LStarKtcAlgorithm;1;84075
59894_LStarKtcGen;LStarKtcAlgorithm;2;93078
59894_LStarKtcGen;LStarKtcAlgorithm;3;37608
59894_LStarKtcGen;LStarKtcAlgorithm;4;14924
59894_LStarKtcGen;LStarKtcAlgorithm;6;129821
59894_LStarKtcGen;LStarKtcAlgorithm;7;47393
59894_LStarKtcGen;LStarKtcAlgorithm;8;46662
59894_LStarKtcGen;LStarKtcAlgorithm;10;126037
59894_LStarKtcGen;LStarKtcAlgorithm;11;89141
59894_LStarKtcGen;LStarKtcAlgorithm;13;60761
59894_LStarKtcGen;LStarKtcAlgorithm;14;51239
59894_LStarKtcGen;LStarKtcAlgorithm;15;112518
59894_LStarKtcGen;LStarKtcAlgorithm;16;39948
59894_LStarKtcGen;LStarKtcAlgorithm;17;87371
59894_LStarKtcGen;LStarKtcAlgorithm;18;3968
59894_LStarKtcGen;LStarKtcAlgorithm;19;97137
59894_LStarKtcGen;LStarKtcAlgorithm;20;3145
59894_LStarKtcGen;LStarKtcAlgorithm;22;22553
59894_LStarKtcGen;LStarKtcAlgorithm;23;29848
59894_LStarKtcGen;LStarKtcAlgorithm;24;14313
59894_LStarKtcGen;LStarKtcAlgorithm;25;60029
59894_LStarKtcGen;LStarKtcAlgorithm;26;65796
59894_LStarKtcGen;LStarKtcAlgorithm;27;128540
59894_LStarKtcGen;LStarKtcAlgorithm;28;64606
59894_LStarKtcGen;LStarKtcAlgorithm;31;44892
59894_LStarKtcGen;LStarKtcAlgorithm;32;61950
59894_LStarKtcGen;LStarKtcAlgorithm;33;6409
59895_LmstGen;LmstAlgorithm;1;228
59895_LmstGen;LmstAlgorithm;2;16
59895_LmstGen;LmstAlgorithm;3;45
59895_LmstGen;LmstAlgorithm;4;539
59895_LmstGen;LmstAlgorithm;6;463
59895_LmstGen;LmstAlgorithm;7;171
59895_LmstGen;LmstAlgorithm;8;421
59895_LmstGen;LmstAlgorithm;10;782
59895_LmstGen;LmstAlgorithm;11;85
59895_LmstGen;LmstAlgorithm;13;542
59895_LmstGen;LmstAlgorithm;14;233
59895_LmstGen;LmstAlgorithm;15;207
59895_LmstGen;LmstAlgorithm;16;19
59895_LmstGen;LmstAlgorithm;17;99
59895_LmstGen;LmstAlgorithm;18;534
59895_LmstGen;LmstAlgorithm;19;125
59895_LmstGen;LmstAlgorithm;20;137
59895_LmstGen;LmstAlgorithm;22;171
59895_LmstGen;LmstAlgorithm;23;344
59895_LmstGen;LmstAlgorithm;24;1068
59895_LmstGen;LmstAlgorithm;25;1207
59895_LmstGen;LmstAlgorithm;26;1188
59895_LmstGen;LmstAlgorithm;27;28
59895_LmstGen;LmstAlgorithm;28;83
59895_LmstGen;LmstAlgorithm;31;350
59895_LmstGen;LmstAlgorithm;32;97
59895_LmstGen;LmstAlgorithm;33;568
59896_KtcMan;aktc;1;30
59896_KtcMan;aktc;2;30
59896_KtcMan;aktc;3;1299
59896_KtcMan;aktc;4;86
59896_KtcMan;aktc;6;154
59896_KtcMan;aktc;7;27
59896_KtcMan;aktc;8;57
59896_KtcMan;aktc;10;152
59896_KtcMan;aktc;13;173
59896_KtcMan;aktc;14;60
59896_KtcMan;aktc;15;146
59896_KtcMan;aktc;16;179
59896_KtcMan;aktc;17;120
59896_KtcMan;aktc;18;123
59896_KtcMan;aktc;19;173
59896_KtcMan;aktc;20;196
59896_KtcMan;aktc;22;137
59896_KtcMan;aktc;23;321
59896_KtcMan;aktc;24;141
59896_KtcMan;aktc;25;159
59896_KtcMan;aktc;26;233
59896_KtcMan;aktc;27;101
59896_KtcMan;aktc;28;157
59896_KtcMan;aktc;31;246
59896_KtcMan;aktc;32;84
59896_KtcMan;aktc;33;162
59897_LStarKtcMan;lktc;1;88
59897_LStarKtcMan;lktc;2;49
59897_LStarKtcMan;lktc;3;717
59897_LStarKtcMan;lktc;4;113
59897_LStarKtcMan;lktc;6;366
59897_LStarKtcMan;lktc;7;51
59897_LStarKtcMan;lktc;8;74
59897_LStarKtcMan;lktc;10;276
59897_LStarKtcMan;lktc;11;112
59897_LStarKtcMan;lktc;13;307
59897_LStarKtcMan;lktc;14;107
59897_LStarKtcMan;lktc;15;232
59897_LStarKtcMan;lktc;16;371
59897_LStarKtcMan;lktc;17;181
59897_LStarKtcMan;lktc;18;272
59897_LStarKtcMan;lktc;19;241
59897_LStarKtcMan;lktc;20;557
59897_LStarKtcMan;lktc;22;276
59897_LStarKtcMan;lktc;23;1123
59897_LStarKtcMan;lktc;24;333
59897_LStarKtcMan;lktc;25;292
59897_LStarKtcMan;lktc;26;345
59897_LStarKtcMan;lktc;27;188
59897_LStarKtcMan;lktc;28;446
59897_LStarKtcMan;lktc;31;396
59897_LStarKtcMan;lktc;32;93
59897_LStarKtcMan;lktc;33;229
59898_LmstMan;lmst;1;619
59898_LmstMan;lmst;2;503
59898_LmstMan;lmst;3;499
59898_LmstMan;lmst;4;1273
59898_LmstMan;lmst;6;625
59898_LmstMan;lmst;7;322
59898_LmstMan;lmst;8;624
59898_LmstMan;lmst;10;308
59898_LmstMan;lmst;11;623
59898_LmstMan;lmst;13;854
59898_LmstMan;lmst;14;547
59898_LmstMan;lmst;15;510
59898_LmstMan;lmst;16;88
59898_LmstMan;lmst;17;922
59898_LmstMan;lmst;18;160
59898_LmstMan;lmst;19;924
59898_LmstMan;lmst;20;434
59898_LmstMan;lmst;22;167
59898_LmstMan;lmst;23;1027
59898_LmstMan;lmst;24;715
59898_LmstMan;lmst;25;795
59898_LmstMan;lmst;26;197
59898_LmstMan;lmst;27;919
59898_LmstMan;lmst;28;498
59898_LmstMan;lmst;31;1189
59898_LmstMan;lmst;32;491
59898_LmstMan;lmst;33;1051
59899_KtcGen;KtcAlgorithm;1;192
59899_KtcGen;KtcAlgorithm;2;196
59899_KtcGen;KtcAlgorithm;3;363
59899_KtcGen;KtcAlgorithm;4;419
59899_KtcGen;KtcAlgorithm;6;716
59899_KtcGen;KtcAlgorithm;7;99
59899_KtcGen;KtcAlgorithm;8;392
59899_KtcGen;KtcAlgorithm;10;586
59899_KtcGen;KtcAlgorithm;11;263
59899_KtcGen;KtcAlgorithm;13;1077
59899_KtcGen;KtcAlgorithm;14;340
59899_KtcGen;KtcAlgorithm;15;469
59899_KtcGen;KtcAlgorithm;16;705
59899_KtcGen;KtcAlgorithm;17;621
59899_KtcGen;KtcAlgorithm;18;1296
59899_KtcGen;KtcAlgorithm;19;509
59899_KtcGen;KtcAlgorithm;20;355
59899_KtcGen;KtcAlgorithm;22;793
59899_KtcGen;KtcAlgorithm;23;565
59899_KtcGen;KtcAlgorithm;24;609
59899_KtcGen;KtcAlgorithm;25;871
59899_KtcGen;KtcAlgorithm;26;757
59899_KtcGen;KtcAlgorithm;27;645
59899_KtcGen;KtcAlgorithm;28;146
59899_KtcGen;KtcAlgorithm;31;448
59899_KtcGen;KtcAlgorithm;32;258
59899_KtcGen;KtcAlgorithm;33;1310
59900_LStarKtcGen;LStarKtcAlgorithm;1;116149
59900_LStarKtcGen;LStarKtcAlgorithm;2;19776
59900_LStarKtcGen;LStarKtcAlgorithm;3;130126
59900_LStarKtcGen;LStarKtcAlgorithm;4;121552
59900_LStarKtcGen;LStarKtcAlgorithm;6;79869
59900_LStarKtcGen;LStarKtcAlgorithm;7;49743
59900_LStarKtcGen;LStarKtcAlgorithm;8;124849
59900_LStarKtcGen;LStarKtcAlgorithm;10;5157
59900_LStarKtcGen;LStarKtcAlgorithm;11;79711
59900_LStarKtcGen;LStarKtcAlgorithm;13;104983
59900_LStarKtcGen;LStarKtcAlgorithm;14;125091
59900_LStarKtcGen;LStarKtcAlgorithm;15;16665
59900_LStarKtcGen;LStarKtcAlgorithm;16;78861
59900_LStarKtcGen;LStarKtcAlgorithm;17;93109
59900_LStarKtcGen;LStarKtcAlgorithm;18;53505
59900_LStarKtcGen;LStarKtcAlgorithm;19;63876
59900_LStarKtcGen;LStarKtcAlgorithm;20;51058
59900_LStarKtcGen;LStarKtcAlgorithm;22;43036
59900_LStarKtcGen;LStarKtcAlgorithm;23;44954
59900_LStarKtcGen;LStarKtcAlgorithm;24;96163
59900_LStarKtcGen;LStarKtcAlgorithm;25;110201
59900_LStarKtcGen;LStarKtcAlgorithm;26;40744
59900_LStarKtcGen;LStarKtcAlgorithm;27;53470
59900_LStarKtcGen;LStarKtcAlgorithm;28;25119
59900_LStarKtcGen;LStarKtcAlgorithm;31;59635
59900_LStarKtcGen;LStarKtcAlgorithm;32;20966
59900_LStarKtcGen;LStarKtcAlgorithm;33;96317
59904_LmstGen;LmstAlgorithm;1;1006
59904_LmstGen;LmstAlgorithm;2;288
59904_LmstGen;LmstAlgorithm;3;241
59904_LmstGen;LmstAlgorithm;4;684
59904_LmstGen;LmstAlgorithm;6;827
59904_LmstGen;LmstAlgorithm;7;27
59904_LmstGen;LmstAlgorithm;8;346
59904_LmstGen;LmstAlgorithm;10;723
59904_LmstGen;LmstAlgorithm;11;1726
59904_LmstGen;LmstAlgorithm;13;20
59904_LmstGen;LmstAlgorithm;14;375
59904_LmstGen;LmstAlgorithm;15;1231
59904_LmstGen;LmstAlgorithm;16;326
59904_LmstGen;LmstAlgorithm;17;159
59904_LmstGen;LmstAlgorithm;18;1279
59904_LmstGen;LmstAlgorithm;19;471
59904_LmstGen;LmstAlgorithm;20;294
59904_LmstGen;LmstAlgorithm;22;205
59904_LmstGen;LmstAlgorithm;23;210
59904_LmstGen;LmstAlgorithm;24;249
59904_LmstGen;LmstAlgorithm;25;1216
59904_LmstGen;LmstAlgorithm;26;1225
59904_LmstGen;LmstAlgorithm;27;941
59904_LmstGen;LmstAlgorithm;28;571
59904_LmstGen;LmstAlgorithm;31;864
59904_LmstGen;LmstAlgorithm;32;700
59904_LmstGen;LmstAlgorithm;33;148
59905_KtcMan;aktc;1;41
59905_KtcMan;aktc;2;32
59905_KtcMan;aktc;3;1419
59905_KtcMan;aktc;4;81
59905_KtcMan;aktc;6;113
59905_KtcMan;aktc;7;21
59905_KtcMan;aktc;8;60
59905_KtcMan;aktc;10;143
59905_KtcMan;aktc;11;42
59905_KtcMan;aktc;13;157
59905_KtcMan;aktc;14;64
59905_KtcMan;aktc;15;366
59905_KtcMan;aktc;16;185
59905_KtcMan;aktc;17;92
59905_KtcMan;aktc;18;152
59905_KtcMan;aktc;19;101
59905_KtcMan;aktc;20;425
59905_KtcMan;aktc;22;162
59905_KtcMan;aktc;23;420
59905_KtcMan;aktc;24;75
59905_KtcMan;aktc;25;179
59905_KtcMan;aktc;26;267
59905_KtcMan;aktc;27;89
59905_KtcMan;aktc;28;118
59905_KtcMan;aktc;31;250
59905_KtcMan;aktc;32;79
59905_KtcMan;aktc;33;83
59906_LStarKtcMan;lktc;1;81
59906_LStarKtcMan;lktc;2;46
59906_LStarKtcMan;lktc;3;895
59906_LStarKtcMan;lktc;4;113
59906_LStarKtcMan;lktc;6;274
59906_LStarKtcMan;lktc;7;119
59906_LStarKtcMan;lktc;8;71
59906_LStarKtcMan;lktc;10;200
59906_LStarKtcMan;lktc;11;111
59906_LStarKtcMan;lktc;13;238
59906_LStarKtcMan;lktc;14;108
59906_LStarKtcMan;lktc;15;222
59906_LStarKtcMan;lktc;16;274
59906_LStarKtcMan;lktc;17;130
59906_LStarKtcMan;lktc;18;322
59906_LStarKtcMan;lktc;19;183
59906_LStarKtcMan;lktc;20;1281
59906_LStarKtcMan;lktc;22;263
59906_LStarKtcMan;lktc;23;1157
59906_LStarKtcMan;lktc;24;136
59906_LStarKtcMan;lktc;25;290
59906_LStarKtcMan;lktc;26;412
59906_LStarKtcMan;lktc;27;186
59906_LStarKtcMan;lktc;28;546
59906_LStarKtcMan;lktc;31;377
59906_LStarKtcMan;lktc;32;53
59906_LStarKtcMan;lktc;33;155
59907_LmstMan;lmst;1;529
59907_LmstMan;lmst;2;372
59907_LmstMan;lmst;3;853
59907_LmstMan;lmst;4;1289
59907_LmstMan;lmst;6;688
59907_LmstMan;lmst;7;294
59907_LmstMan;lmst;8;548
59907_LmstMan;lmst;10;76
59907_LmstMan;lmst;11;519
59907_LmstMan;lmst;13;691
59907_LmstMan;lmst;14;405
59907_LmstMan;lmst;15;261
59907_LmstMan;lmst;16;446
59907_LmstMan;lmst;17;921
59907_LmstMan;lmst;18;215
59907_LmstMan;lmst;19;972
59907_LmstMan;lmst;20;190
59907_LmstMan;lmst;22;382
59907_LmstMan;lmst;23;621
59907_LmstMan;lmst;24;800
59907_LmstMan;lmst;25;724
59907_LmstMan;lmst;26;179
59907_LmstMan;lmst;27;1158
59907_LmstMan;lmst;28;73
59907_LmstMan;lmst;31;1191
59907_LmstMan;lmst;32;730
59907_LmstMan;lmst;33;1125
59908_KtcGen;KtcAlgorithm;1;153
59908_KtcGen;KtcAlgorithm;2;213
59908_KtcGen;KtcAlgorithm;3;213
59908_KtcGen;KtcAlgorithm;4;360
59908_KtcGen;KtcAlgorithm;6;782
59908_KtcGen;KtcAlgorithm;7;106
59908_KtcGen;KtcAlgorithm;8;364
59908_KtcGen;KtcAlgorithm;10;508
59908_KtcGen;KtcAlgorithm;11;265
59908_KtcGen;KtcAlgorithm;13;804
59908_KtcGen;KtcAlgorithm;14;352
59908_KtcGen;KtcAlgorithm;15;678
59908_KtcGen;KtcAlgorithm;16;385
59908_KtcGen;KtcAlgorithm;17;346
59908_KtcGen;KtcAlgorithm;18;1321
59908_KtcGen;KtcAlgorithm;19;482
59908_KtcGen;KtcAlgorithm;20;624
59908_KtcGen;KtcAlgorithm;22;971
59908_KtcGen;KtcAlgorithm;23;214
59908_KtcGen;KtcAlgorithm;24;842
59908_KtcGen;KtcAlgorithm;25;931
59908_KtcGen;KtcAlgorithm;26;1049
59908_KtcGen;KtcAlgorithm;27;622
59908_KtcGen;KtcAlgorithm;28;342
59908_KtcGen;KtcAlgorithm;31;1151
59908_KtcGen;KtcAlgorithm;32;243
59908_KtcGen;KtcAlgorithm;33;643
59909_LStarKtcGen;LStarKtcAlgorithm;1;102569
59909_LStarKtcGen;LStarKtcAlgorithm;2;29969
59909_LStarKtcGen;LStarKtcAlgorithm;3;113531
59909_LStarKtcGen;LStarKtcAlgorithm;4;71320
59909_LStarKtcGen;LStarKtcAlgorithm;6;39368
59909_LStarKtcGen;LStarKtcAlgorithm;7;49530
59909_LStarKtcGen;LStarKtcAlgorithm;8;62532
59909_LStarKtcGen;LStarKtcAlgorithm;10;29848
59909_LStarKtcGen;LStarKtcAlgorithm;11;97442
59909_LStarKtcGen;LStarKtcAlgorithm;13;64516
59909_LStarKtcGen;LStarKtcAlgorithm;14;49560
59909_LStarKtcGen;LStarKtcAlgorithm;15;18405
59909_LStarKtcGen;LStarKtcAlgorithm;16;115722
59909_LStarKtcGen;LStarKtcAlgorithm;17;125183
59909_LStarKtcGen;LStarKtcAlgorithm;18;19867
59909_LStarKtcGen;LStarKtcAlgorithm;19;9461
59909_LStarKtcGen;LStarKtcAlgorithm;20;58352
59909_LStarKtcGen;LStarKtcAlgorithm;22;85573
59909_LStarKtcGen;LStarKtcAlgorithm;23;105261
59909_LStarKtcGen;LStarKtcAlgorithm;24;113588
59909_LStarKtcGen;LStarKtcAlgorithm;25;73456
59909_LStarKtcGen;LStarKtcAlgorithm;26;80506
59909_LStarKtcGen;LStarKtcAlgorithm;27;5066
59909_LStarKtcGen;LStarKtcAlgorithm;28;122744
59909_LStarKtcGen;LStarKtcAlgorithm;31;52613
59909_LStarKtcGen;LStarKtcAlgorithm;32;130187
59909_LStarKtcGen;LStarKtcAlgorithm;33;42359
59910_LmstGen;LmstAlgorithm;1;243
59910_LmstGen;LmstAlgorithm;2;585
59910_LmstGen;LmstAlgorithm;3;1114
59910_LmstGen;LmstAlgorithm;4;1164
59910_LmstGen;LmstAlgorithm;6;1037
59910_LmstGen;LmstAlgorithm;7;549
59910_LmstGen;LmstAlgorithm;8;877
59910_LmstGen;LmstAlgorithm;10;340
59910_LmstGen;LmstAlgorithm;11;601
59910_LmstGen;LmstAlgorithm;13;797
59910_LmstGen;LmstAlgorithm;14;778
59910_LmstGen;LmstAlgorithm;15;877
59910_LmstGen;LmstAlgorithm;16;628
59910_LmstGen;LmstAlgorithm;17;105
59910_LmstGen;LmstAlgorithm;18;346
59910_LmstGen;LmstAlgorithm;19;432
59910_LmstGen;LmstAlgorithm;20;734
59910_LmstGen;LmstAlgorithm;22;428
59910_LmstGen;LmstAlgorithm;23;340
59910_LmstGen;LmstAlgorithm;24;1052
59910_LmstGen;LmstAlgorithm;25;634
59910_LmstGen;LmstAlgorithm;26;248
59910_LmstGen;LmstAlgorithm;27;297
59910_LmstGen;LmstAlgorithm;28;1146
59910_LmstGen;LmstAlgorithm;31;1285
59910_LmstGen;LmstAlgorithm;32;822
59910_LmstGen;LmstAlgorithm;33;67
59911_KtcMan;aktc;1;35
59911_KtcMan;aktc;2;43
59911_KtcMan;aktc;3;1423
59911_KtcMan;aktc;4;82
59911_KtcMan;aktc;6;164
59911_KtcMan;aktc;7;25
59911_KtcMan;aktc;8;60
59911_KtcMan;aktc;10;128
59911_KtcMan;aktc;11;57
59911_KtcMan;aktc;13;78
59911_KtcMan;aktc;14;84
59911_KtcMan;aktc;15;206
59911_KtcMan;aktc;16;137
59911_KtcMan;aktc;17;97
59911_KtcMan;aktc;18;192
59911_KtcMan;aktc;19;129
59911_KtcMan;aktc;20;490
59911_KtcMan;aktc;22;165
59911_KtcMan;aktc;23;300
59911_KtcMan;aktc;24;202
59911_KtcMan;aktc;25;199
59911_KtcMan;aktc;26;213
59911_KtcMan;aktc;27;75
59911_KtcMan;aktc;28;276
59911_KtcMan;aktc;31;155
59911_KtcMan;aktc;32;75
59911_KtcMan;aktc;33;87
59912_LStarKtcMan;lktc;1;100
59912_LStarKtcMan;lktc;2;57
59912_LStarKtcMan;lktc;3;1304
59912_LStarKtcMan;lktc;4;82
59912_LStarKtcMan;lktc;6;114
59912_LStarKtcMan;lktc;7;78
59912_LStarKtcMan;lktc;8;72
59912_LStarKtcMan;lktc;10;185
59912_LStarKtcMan;lktc;11;84
59912_LStarKtcMan;lktc;13;258
59912_LStarKtcMan;lktc;14;65
59912_LStarKtcMan;lktc;15;297
59912_LStarKtcMan;lktc;16;116
59912_LStarKtcMan;lktc;17;173
59912_LStarKtcMan;lktc;18;255
59912_LStarKtcMan;lktc;19;141
59912_LStarKtcMan;lktc;20;452
59912_LStarKtcMan;lktc;22;156
59912_LStarKtcMan;lktc;23;409
59912_LStarKtcMan;lktc;24;238
59912_LStarKtcMan;lktc;25;275
59912_LStarKtcMan;lktc;26;273
59912_LStarKtcMan;lktc;27;99
59912_LStarKtcMan;lktc;28;303
59912_LStarKtcMan;lktc;31;224
59912_LStarKtcMan;lktc;32;50
59912_LStarKtcMan;lktc;33;155
59913_LmstMan;lmst;1;623
59913_LmstMan;lmst;2;624
59913_LmstMan;lmst;3;689
59913_LmstMan;lmst;4;1232
59913_LmstMan;lmst;6;22
59913_LmstMan;lmst;7;312
59913_LmstMan;lmst;8;628
59913_LmstMan;lmst;10;578
59913_LmstMan;lmst;11;543
59913_LmstMan;lmst;13;739
59913_LmstMan;lmst;14;312
59913_LmstMan;lmst;15;181
59913_LmstMan;lmst;16;495
59913_LmstMan;lmst;17;759
59913_LmstMan;lmst;18;271
59913_LmstMan;lmst;19;375
59913_LmstMan;lmst;20;662
59913_LmstMan;lmst;22;227
59913_LmstMan;lmst;23;619
59913_LmstMan;lmst;24;620
59913_LmstMan;lmst;25;603
59913_LmstMan;lmst;26;197
59913_LmstMan;lmst;27;1026
59913_LmstMan;lmst;28;1106
59913_LmstMan;lmst;31;1176
59913_LmstMan;lmst;32;513
59913_LmstMan;lmst;33;934
59914_KtcGen;KtcAlgorithm;1;109
59914_KtcGen;KtcAlgorithm;2;228
59914_KtcGen;KtcAlgorithm;3;856
59914_KtcGen;KtcAlgorithm;4;301
59914_KtcGen;KtcAlgorithm;6;841
59914_KtcGen;KtcAlgorithm;7;99
59914_KtcGen;KtcAlgorithm;8;396
59914_KtcGen;KtcAlgorithm;10;416
59914_KtcGen;KtcAlgorithm;11;350
59914_KtcGen;KtcAlgorithm;13;701
59914_KtcGen;KtcAlgorithm;14;227
59914_KtcGen;KtcAlgorithm;15;1226
59914_KtcGen;KtcAlgorithm;16;626
59914_KtcGen;KtcAlgorithm;17;449
59914_KtcGen;KtcAlgorithm;18;984
59914_KtcGen;KtcAlgorithm;19;1024
59914_KtcGen;KtcAlgorithm;20;733
59914_KtcGen;KtcAlgorithm;22;897
59914_KtcGen;KtcAlgorithm;23;52
59914_KtcGen;KtcAlgorithm;24;1110
59914_KtcGen;KtcAlgorithm;25;987
59914_KtcGen;KtcAlgorithm;26;978
59914_KtcGen;KtcAlgorithm;27;770
59914_KtcGen;KtcAlgorithm;28;583
59914_KtcGen;KtcAlgorithm;31;988
59914_KtcGen;KtcAlgorithm;32;284
59914_KtcGen;KtcAlgorithm;33;1010
59915_LStarKtcGen;LStarKtcAlgorithm;1;102325
59915_LStarKtcGen;LStarKtcAlgorithm;2;78675
59915_LStarKtcGen;LStarKtcAlgorithm;3;6844
59915_LStarKtcGen;LStarKtcAlgorithm;4;102082
59915_LStarKtcGen;LStarKtcAlgorithm;6;34917
59915_LStarKtcGen;LStarKtcAlgorithm;7;82733
59915_LStarKtcGen;LStarKtcAlgorithm;8;81392
59915_LStarKtcGen;LStarKtcAlgorithm;10;104374
59915_LStarKtcGen;LStarKtcAlgorithm;11;69306
59915_LStarKtcGen;LStarKtcAlgorithm;13;32166
59915_LStarKtcGen;LStarKtcAlgorithm;14;118041
59915_LStarKtcGen;LStarKtcAlgorithm;15;2389
59915_LStarKtcGen;LStarKtcAlgorithm;16;40470
59915_LStarKtcGen;LStarKtcAlgorithm;17;20143
59915_LStarKtcGen;LStarKtcAlgorithm;18;104987
59915_LStarKtcGen;LStarKtcAlgorithm;19;55759
59915_LStarKtcGen;LStarKtcAlgorithm;20;64000
59915_LStarKtcGen;LStarKtcAlgorithm;22;63117
59915_LStarKtcGen;LStarKtcAlgorithm;23;64759
59915_LStarKtcGen;LStarKtcAlgorithm;24;51975
59915_LStarKtcGen;LStarKtcAlgorithm;25;97968
59915_LStarKtcGen;LStarKtcAlgorithm;26;47856
59915_LStarKtcGen;LStarKtcAlgorithm;27;104160
59915_LStarKtcGen;LStarKtcAlgorithm;28;66474
59915_LStarKtcGen;LStarKtcAlgorithm;31;123052
59915_LStarKtcGen;LStarKtcAlgorithm;32;44861
59915_LStarKtcGen;LStarKtcAlgorithm;33;88815
59916_LmstGen;LmstAlgorithm;1;439
59916_LmstGen;LmstAlgorithm;2;77
59916_LmstGen;LmstAlgorithm;3;360
59916_LmstGen;LmstAlgorithm;4;350
59916_LmstGen;LmstAlgorithm;6;630
59916_LmstGen;LmstAlgorithm;7;274
59916_LmstGen;LmstAlgorithm;8;592
59916_LmstGen;LmstAlgorithm;10;585
59916_LmstGen;LmstAlgorithm;11;14
59916_LmstGen;LmstAlgorithm;13;748
59916_LmstGen;LmstAlgorithm;14;1052
59916_LmstGen;LmstAlgorithm;15;1229
59916_LmstGen;LmstAlgorithm;16;89
59916_LmstGen;LmstAlgorithm;17;148
59916_LmstGen;LmstAlgorithm;18;87
59916_LmstGen;LmstAlgorithm;19;1312
59916_LmstGen;LmstAlgorithm;20;881
59916_LmstGen;LmstAlgorithm;22;630
59916_LmstGen;LmstAlgorithm;23;370
59916_LmstGen;LmstAlgorithm;24;633
59916_LmstGen;LmstAlgorithm;25;1215
59916_LmstGen;LmstAlgorithm;26;82
59916_LmstGen;LmstAlgorithm;27;423
59916_LmstGen;LmstAlgorithm;28;451
59916_LmstGen;LmstAlgorithm;31;775
59916_LmstGen;LmstAlgorithm;32;225
59916_LmstGen;LmstAlgorithm;33;533
59922_KtcMan;aktc;1;43
59922_KtcMan;aktc;2;35
59922_KtcMan;aktc;3;515
59922_KtcMan;aktc;4;44
59922_KtcMan;aktc;6;125
59922_KtcMan;aktc;7;20
59922_KtcMan;aktc;8;56
59922_KtcMan;aktc;10;127
59922_KtcMan;aktc;11;41
59922_KtcMan;aktc;13;135
59922_KtcMan;aktc;14;32
59922_KtcMan;aktc;15;105
59922_KtcMan;aktc;16;69
59922_KtcMan;aktc;17;83
59922_KtcMan;aktc;18;170
59922_KtcMan;aktc;19;89
59922_KtcMan;aktc;20;216
59922_KtcMan;aktc;22;139
59922_KtcMan;aktc;23;429
59922_KtcMan;aktc;24;60
59922_KtcMan;aktc;25;168
59922_KtcMan;aktc;26;136
59922_KtcMan;aktc;27;85
59922_KtcMan;aktc;28;421
59922_KtcMan;aktc;31;221
59922_KtcMan;aktc;32;47
59922_KtcMan;aktc;33;118
59923_LStarKtcMan;lktc;1;59
59923_LStarKtcMan;lktc;2;55
59923_LStarKtcMan;lktc;3;883
59923_LStarKtcMan;lktc;4;56
59923_LStarKtcMan;lktc;6;251
59923_LStarKtcMan;lktc;7;50
59923_LStarKtcMan;lktc;8;98
59923_LStarKtcMan;lktc;10;276
59923_LStarKtcMan;lktc;11;104
59923_LStarKtcMan;lktc;13;290
59923_LStarKtcMan;lktc;14;43
59923_LStarKtcMan;lktc;15;139
59923_LStarKtcMan;lktc;16;209
59923_LStarKtcMan;lktc;17;122
59923_LStarKtcMan;lktc;18;340
59923_LStarKtcMan;lktc;19;172
59923_LStarKtcMan;lktc;20;424
59923_LStarKtcMan;lktc;22;258
59923_LStarKtcMan;lktc;23;694
59923_LStarKtcMan;lktc;24;132
59923_LStarKtcMan;lktc;25;276
59923_LStarKtcMan;lktc;26;431
59923_LStarKtcMan;lktc;27;180
59923_LStarKtcMan;lktc;28;535
59923_LStarKtcMan;lktc;31;325
59923_LStarKtcMan;lktc;32;89
59923_LStarKtcMan;lktc;33;113
59924_LmstMan;lmst;1;536
59924_LmstMan;lmst;2;587
59924_LmstMan;lmst;3;462
59924_LmstMan;lmst;4;1227
59924_LmstMan;lmst;6;70
59924_LmstMan;lmst;7;373
59924_LmstMan;lmst;8;1207
59924_LmstMan;lmst;10;462
59924_LmstMan;lmst;11;595
59924_LmstMan;lmst;13;572
59924_LmstMan;lmst;14;448
59924_LmstMan;lmst;15;914
59924_LmstMan;lmst;16;529
59924_LmstMan;lmst;17;850
59924_LmstMan;lmst;18;92
59924_LmstMan;lmst;19;632
59924_LmstMan;lmst;20;60
59924_LmstMan;lmst;22;235
59924_LmstMan;lmst;23;436
59924_LmstMan;lmst;24;768
59924_LmstMan;lmst;25;592
59924_LmstMan;lmst;26;604
59924_LmstMan;lmst;27;1069
59924_LmstMan;lmst;28;630
59924_LmstMan;lmst;31;1005
59924_LmstMan;lmst;32;622
59924_LmstMan;lmst;33;980
59925_KtcGen;KtcAlgorithm;1;130
59925_KtcGen;KtcAlgorithm;2;264
59925_KtcGen;KtcAlgorithm;3;292
59925_KtcGen;KtcAlgorithm;4;288
59925_KtcGen;KtcAlgorithm;6;720
59925_KtcGen;KtcAlgorithm;7;121
59925_KtcGen;KtcAlgorithm;8;381
59925_KtcGen;KtcAlgorithm;10;645
59925_KtcGen;KtcAlgorithm;11;212
59925_KtcGen;KtcAlgorithm;13;715
59925_KtcGen;KtcAlgorithm;14;370
59925_KtcGen;KtcAlgorithm;15;737
59925_KtcGen;KtcAlgorithm;16;346
59925_KtcGen;KtcAlgorithm;17;386
59925_KtcGen;KtcAlgorithm;18;1100
59925_KtcGen;KtcAlgorithm;19;662
59925_KtcGen;KtcAlgorithm;20;116
59925_KtcGen;KtcAlgorithm;22;1152
59925_KtcGen;KtcAlgorithm;23;535
59925_KtcGen;KtcAlgorithm;24;530
59925_KtcGen;KtcAlgorithm;25;924
59925_KtcGen;KtcAlgorithm;26;1055
59925_KtcGen;KtcAlgorithm;27;532
59925_KtcGen;KtcAlgorithm;28;411
59925_KtcGen;KtcAlgorithm;31;946
59925_KtcGen;KtcAlgorithm;32;584
59925_KtcGen;KtcAlgorithm;33;396
59926_LStarKtcGen;LStarKtcAlgorithm;1;54870
59926_LStarKtcGen;LStarKtcAlgorithm;2;4212
59926_LStarKtcGen;LStarKtcAlgorithm;3;61525
59926_LStarKtcGen;LStarKtcAlgorithm;4;4762
59926_LStarKtcGen;LStarKtcAlgorithm;6;95918
59926_LStarKtcGen;LStarKtcAlgorithm;7;50262
59926_LStarKtcGen;LStarKtcAlgorithm;8;95369
59926_LStarKtcGen;LStarKtcAlgorithm;10;55512
59926_LStarKtcGen;LStarKtcAlgorithm;11;95611
59926_LStarKtcGen;LStarKtcAlgorithm;13;38025
59926_LStarKtcGen;LStarKtcAlgorithm;14;58563
59926_LStarKtcGen;LStarKtcAlgorithm;15;61555
59926_LStarKtcGen;LStarKtcAlgorithm;16;43306
59926_LStarKtcGen;LStarKtcAlgorithm;17;52978
59926_LStarKtcGen;LStarKtcAlgorithm;18;65462
59926_LStarKtcGen;LStarKtcAlgorithm;19;110412
59926_LStarKtcGen;LStarKtcAlgorithm;20;122559
59926_LStarKtcGen;LStarKtcAlgorithm;22;93140
59926_LStarKtcGen;LStarKtcAlgorithm;23;37693
59926_LStarKtcGen;LStarKtcAlgorithm;24;81298
59926_LStarKtcGen;LStarKtcAlgorithm;25;38514
59926_LStarKtcGen;LStarKtcAlgorithm;26;103913
59926_LStarKtcGen;LStarKtcAlgorithm;27;94666
59926_LStarKtcGen;LStarKtcAlgorithm;31;31709
59926_LStarKtcGen;LStarKtcAlgorithm;32;13216
59926_LStarKtcGen;LStarKtcAlgorithm;33;56551
59927_LmstGen;LmstAlgorithm;1;4
59927_LmstGen;LmstAlgorithm;2;832
59927_LmstGen;LmstAlgorithm;3;112
59927_LmstGen;LmstAlgorithm;4;206
59927_LmstGen;LmstAlgorithm;6;583
59927_LmstGen;LmstAlgorithm;7;354
59927_LmstGen;LmstAlgorithm;8;1012
59927_LmstGen;LmstAlgorithm;10;479
59927_LmstGen;LmstAlgorithm;11;1562
59927_LmstGen;LmstAlgorithm;13;622
59927_LmstGen;LmstAlgorithm;14;439
59927_LmstGen;LmstAlgorithm;15;40
59927_LmstGen;LmstAlgorithm;16;652
59927_LmstGen;LmstAlgorithm;17;1151
59927_LmstGen;LmstAlgorithm;18;1254
59927_LmstGen;LmstAlgorithm;19;33
59927_LmstGen;LmstAlgorithm;20;561
59927_LmstGen;LmstAlgorithm;22;689
59927_LmstGen;LmstAlgorithm;23;122
59927_LmstGen;LmstAlgorithm;24;240
59927_LmstGen;LmstAlgorithm;25;979
59927_LmstGen;LmstAlgorithm;26;702
59927_LmstGen;LmstAlgorithm;27;335
59927_LmstGen;LmstAlgorithm;31;183
59927_LmstGen;LmstAlgorithm;32;996
59927_LmstGen;LmstAlgorithm;33;587
59928_KtcMan;aktc;1;20
59928_KtcMan;aktc;2;40
59928_KtcMan;aktc;3;325
59928_KtcMan;aktc;4;68
59928_KtcMan;aktc;6;152
59928_KtcMan;aktc;7;26
59928_KtcMan;aktc;8;52
59928_KtcMan;aktc;10;88
59928_KtcMan;aktc;11;83
59928_KtcMan;aktc;13;195
59928_KtcMan;aktc;14;80
59928_KtcMan;aktc;15;75
59928_KtcMan;aktc;16;64
59928_KtcMan;aktc;17;76
59928_KtcMan;aktc;18;178
59928_KtcMan;aktc;19;156
59928_KtcMan;aktc;20;305
59928_KtcMan;aktc;22;167
59928_KtcMan;aktc;23;282
59928_KtcMan;aktc;24;65
59928_KtcMan;aktc;25;147
59928_KtcMan;aktc;26;198
59928_KtcMan;aktc;27;46
59928_KtcMan;aktc;31;126
59928_KtcMan;aktc;32;39
59928_KtcMan;aktc;33;120
59929_LStarKtcMan;lktc;1;45
59929_LStarKtcMan;lktc;2;65
59929_LStarKtcMan;lktc;3;1081
59929_LStarKtcMan;lktc;4;98
59929_LStarKtcMan;lktc;6;246
59929_LStarKtcMan;lktc;7;50
59929_LStarKtcMan;lktc;8;102
59929_LStarKtcMan;lktc;10;189
59929_LStarKtcMan;lktc;11;105
59929_LStarKtcMan;lktc;13;283
59929_LStarKtcMan;lktc;14;102
59929_LStarKtcMan;lktc;15;159
59929_LStarKtcMan;lktc;16;184
59929_LStarKtcMan;lktc;17;79
59929_LStarKtcMan;lktc;18;224
59929_LStarKtcMan;lktc;19;220
59929_LStarKtcMan;lktc;20;448
59929_LStarKtcMan;lktc;22;109
59929_LStarKtcMan;lktc;23;283
59929_LStarKtcMan;lktc;24;76
59929_LStarKtcMan;lktc;25;202
59929_LStarKtcMan;lktc;26;365
59929_LStarKtcMan;lktc;27;104
59929_LStarKtcMan;lktc;31;126
59929_LStarKtcMan;lktc;32;79
59929_LStarKtcMan;lktc;33;140
59930_LmstMan;lmst;1;194
59930_LmstMan;lmst;2;387
59930_LmstMan;lmst;3;43
59930_LmstMan;lmst;4;578
59930_LmstMan;lmst;6;354
59930_LmstMan;lmst;7;339
59930_LmstMan;lmst;8;733
59930_LmstMan;lmst;10;4
59930_LmstMan;lmst;11;538
59930_LmstMan;lmst;13;731
59930_LmstMan;lmst;14;563
59930_LmstMan;lmst;15;771
59930_LmstMan;lmst;16;769
59930_LmstMan;lmst;17;717
59930_LmstMan;lmst;18;1157
59930_LmstMan;lmst;19;1000
59930_LmstMan;lmst;20;422
59930_LmstMan;lmst;22;582
59930_LmstMan;lmst;23;166
59930_LmstMan;lmst;24;454
59930_LmstMan;lmst;25;767
59930_LmstMan;lmst;26;271
59930_LmstMan;lmst;27;646
59930_LmstMan;lmst;31;107
59930_LmstMan;lmst;32;781
59930_LmstMan;lmst;33;942
59931_KtcGen;KtcAlgorithm;1;48
59931_KtcGen;KtcAlgorithm;2;235
59931_KtcGen;KtcAlgorithm;3;164
59931_KtcGen;KtcAlgorithm;4;258
59931_KtcGen;KtcAlgorithm;6;610
59931_KtcGen;KtcAlgorithm;7;180
59931_KtcGen;KtcAlgorithm;8;367
59931_KtcGen;KtcAlgorithm;10;358
59931_KtcGen;KtcAlgorithm;11;233
59931_KtcGen;KtcAlgorithm;13;537
59931_KtcGen;KtcAlgorithm;14;276
59931_KtcGen;KtcAlgorithm;15;479
59931_KtcGen;KtcAlgorithm;16;414
59931_KtcGen;KtcAlgorithm;17;248
59931_KtcGen;KtcAlgorithm;18;322
59931_KtcGen;KtcAlgorithm;19;1316
59931_KtcGen;KtcAlgorithm;20;786
59931_KtcGen;KtcAlgorithm;22;426
59931_KtcGen;KtcAlgorithm;23;661
59931_KtcGen;KtcAlgorithm;24;347
59931_KtcGen;KtcAlgorithm;25;1054
59931_KtcGen;KtcAlgorithm;26;1110
59931_KtcGen;KtcAlgorithm;27;344
59931_KtcGen;KtcAlgorithm;31;455
59931_KtcGen;KtcAlgorithm;32;488
59931_KtcGen;KtcAlgorithm;33;525
59932_LStarKtcGen;LStarKtcAlgorithm;1;44372
59932_LStarKtcGen;LStarKtcAlgorithm;2;22950
59932_LStarKtcGen;LStarKtcAlgorithm;3;33762
59932_LStarKtcGen;LStarKtcAlgorithm;4;24109
59932_LStarKtcGen;LStarKtcAlgorithm;6;102600
59932_LStarKtcGen;LStarKtcAlgorithm;7;52215
59932_LStarKtcGen;LStarKtcAlgorithm;8;61524
59932_LStarKtcGen;LStarKtcAlgorithm;10;56701
59932_LStarKtcGen;LStarKtcAlgorithm;11;69458
59932_LStarKtcGen;LStarKtcAlgorithm;13;33448
59932_LStarKtcGen;LStarKtcAlgorithm;14;55389
59932_LStarKtcGen;LStarKtcAlgorithm;15;94085
59932_LStarKtcGen;LStarKtcAlgorithm;16;127655
59932_LStarKtcGen;LStarKtcAlgorithm;17;85754
59932_LStarKtcGen;LStarKtcAlgorithm;18;102172
59932_LStarKtcGen;LStarKtcAlgorithm;19;129272
59932_LStarKtcGen;LStarKtcAlgorithm;20;89966
59932_LStarKtcGen;LStarKtcAlgorithm;22;75317
59932_LStarKtcGen;LStarKtcAlgorithm;23;123810
59932_LStarKtcGen;LStarKtcAlgorithm;24;72082
59932_LStarKtcGen;LStarKtcAlgorithm;25;30182
59932_LStarKtcGen;LStarKtcAlgorithm;26;37415
59932_LStarKtcGen;LStarKtcAlgorithm;27;77392
59932_LStarKtcGen;LStarKtcAlgorithm;31;103179
59932_LStarKtcGen;LStarKtcAlgorithm;32;51971
59932_LStarKtcGen;LStarKtcAlgorithm;33;77179
59933_LmstGen;LmstAlgorithm;1;988
59933_LmstGen;LmstAlgorithm;2;599
59933_LmstGen;LmstAlgorithm;3;46
59933_LmstGen;LmstAlgorithm;4;403
59933_LmstGen;LmstAlgorithm;6;331
59933_LmstGen;LmstAlgorithm;7;246
59933_LmstGen;LmstAlgorithm;8;586
59933_LmstGen;LmstAlgorithm;10;797
59933_LmstGen;LmstAlgorithm;11;75
59933_LmstGen;LmstAlgorithm;13;1097
59933_LmstGen;LmstAlgorithm;14;125
59933_LmstGen;LmstAlgorithm;15;1019
59933_LmstGen;LmstAlgorithm;16;397
59933_LmstGen;LmstAlgorithm;17;283
59933_LmstGen;LmstAlgorithm;18;503
59933_LmstGen;LmstAlgorithm;19;199
59933_LmstGen;LmstAlgorithm;20;16
59933_LmstGen;LmstAlgorithm;22;501
59933_LmstGen;LmstAlgorithm;23;14
59933_LmstGen;LmstAlgorithm;24;135
59933_LmstGen;LmstAlgorithm;25;430
59933_LmstGen;LmstAlgorithm;26;73
59933_LmstGen;LmstAlgorithm;27;811
59933_LmstGen;LmstAlgorithm;31;1227
59933_LmstGen;LmstAlgorithm;32;697
59933_LmstGen;LmstAlgorithm;33;615
